ip_address,first_seen_utc,last_seen_utc,counter,as_number,as_name,geolocation
45.133.172.51,2024-01-17 06:17:37,2024-01-17 10:44:28,20707,174,COGENT-174,GB
149.102.229.204,2024-01-17 06:17:37,2024-01-17 10:44:16,4556,212238,CDNEXT,TR
149.102.229.202,2024-01-17 06:17:37,2024-01-17 10:44:28,4569,212238,CDNEXT,TR
149.102.229.207,2024-01-17 06:17:37,2024-01-17 10:44:29,4530,212238,CDNEXT,TR
149.102.229.194,2024-01-17 06:17:38,2024-01-17 10:44:23,4909,212238,CDNEXT,TR
45.133.172.250,2024-01-17 06:17:38,2024-01-17 10:44:30,25853,174,COGENT-174,GB
149.102.229.199,2024-01-17 06:17:38,2024-01-17 10:44:23,4603,212238,CDNEXT,TR
149.102.229.201,2024-01-17 06:17:38,2024-01-17 10:44:22,4546,212238,CDNEXT,TR
37.156.216.132,2024-01-17 06:17:39,2024-01-17 10:44:22,5300,62282,RACKRAY UAB Rakrejus,JP
37.156.216.139,2024-01-17 06:17:39,2024-01-17 10:44:22,4773,62282,RACKRAY UAB Rakrejus,JP
37.156.216.134,2024-01-17 06:17:39,2024-01-17 10:44:23,4825,62282,RACKRAY UAB Rakrejus,JP
37.156.216.133,2024-01-17 06:17:39,2024-01-17 10:44:30,4830,62282,RACKRAY UAB Rakrejus,JP
37.156.216.140,2024-01-17 06:17:39,2024-01-17 10:44:31,4915,62282,RACKRAY UAB Rakrejus,JP
37.156.216.141,2024-01-17 06:17:39,2024-01-17 10:44:31,5023,62282,RACKRAY UAB Rakrejus,JP
37.156.216.135,2024-01-17 06:17:40,2024-01-17 10:44:22,4879,62282,RACKRAY UAB Rakrejus,JP
146.70.222.11,2024-01-17 06:17:42,2024-01-17 10:44:22,1506,9009,M247,CZ
146.70.222.13,2024-01-17 06:17:42,2024-01-17 10:44:24,1483,9009,M247,CZ
146.70.222.12,2024-01-17 06:17:42,2024-01-17 10:44:27,1353,9009,M247,CZ
146.70.222.8,2024-01-17 06:17:42,2024-01-17 10:43:31,1438,9009,M247,CZ
146.70.222.14,2024-01-17 06:17:42,2024-01-17 10:43:18,1465,9009,M247,CZ
146.70.222.9,2024-01-17 06:17:43,2024-01-17 10:44:16,1658,9009,M247,CZ
195.181.172.148,2024-01-17 06:17:44,2024-01-17 10:44:27,5109,60068,CDN77 ^_^,NL
195.181.172.146,2024-01-17 06:17:44,2024-01-17 10:44:28,5189,60068,CDN77 ^_^,NL
195.181.172.154,2024-01-17 06:17:44,2024-01-17 10:44:27,5133,60068,CDN77 ^_^,NL
195.181.172.150,2024-01-17 06:17:44,2024-01-17 10:44:27,5126,60068,CDN77 ^_^,NL
195.181.172.152,2024-01-17 06:17:44,2024-01-17 10:44:25,5083,60068,CDN77 ^_^,NL
195.181.172.153,2024-01-17 06:17:44,2024-01-17 10:44:28,4898,60068,CDN77 ^_^,NL
195.181.172.151,2024-01-17 06:17:45,2024-01-17 10:44:26,4957,60068,CDN77 ^_^,NL
149.102.229.216,2024-01-17 06:17:45,2024-01-17 10:44:23,4631,212238,CDNEXT,TR
149.36.51.148,2024-01-17 06:17:45,2024-01-17 10:44:29,7529,212238,CDNEXT,DE
149.102.229.212,2024-01-17 06:17:45,2024-01-17 10:44:22,4635,212238,CDNEXT,TR
149.102.229.200,2024-01-17 06:17:45,2024-01-17 10:44:29,4512,212238,CDNEXT,TR
149.36.51.143,2024-01-17 06:17:45,2024-01-17 10:44:28,7575,212238,CDNEXT,DE
149.36.51.134,2024-01-17 06:17:45,2024-01-17 10:44:29,7730,212238,CDNEXT,DE
149.102.229.196,2024-01-17 06:17:45,2024-01-17 10:44:29,4648,212238,CDNEXT,TR
212.102.63.101,2024-01-17 06:17:45,2024-01-17 10:44:29,4088,60068,CDN77 ^_^,GB
149.36.51.154,2024-01-17 06:17:45,2024-01-17 10:44:27,7573,212238,CDNEXT,DE
149.36.51.141,2024-01-17 06:17:45,2024-01-17 10:44:24,7563,212238,CDNEXT,DE
149.102.229.218,2024-01-17 06:17:45,2024-01-17 10:44:23,4491,212238,CDNEXT,TR
212.102.63.116,2024-01-17 06:17:46,2024-01-17 10:44:25,4235,60068,CDN77 ^_^,GB
149.36.51.152,2024-01-17 06:17:46,2024-01-17 10:44:28,7535,212238,CDNEXT,DE
149.36.51.139,2024-01-17 06:17:46,2024-01-17 10:44:25,7706,212238,CDNEXT,DE
149.102.229.211,2024-01-17 06:17:46,2024-01-17 10:44:29,4412,212238,CDNEXT,TR
149.36.51.142,2024-01-17 06:17:46,2024-01-17 10:44:29,7521,212238,CDNEXT,DE
212.102.63.112,2024-01-17 06:17:46,2024-01-17 10:44:28,4054,60068,CDN77 ^_^,GB
149.36.51.137,2024-01-17 06:17:46,2024-01-17 10:44:27,7655,212238,CDNEXT,DE
149.102.229.206,2024-01-17 06:17:46,2024-01-17 10:44:29,4576,212238,CDNEXT,TR
212.102.63.106,2024-01-17 06:17:46,2024-01-17 10:44:28,4201,60068,CDN77 ^_^,GB
149.36.51.146,2024-01-17 06:17:46,2024-01-17 10:44:29,7497,212238,CDNEXT,DE
212.102.63.107,2024-01-17 06:17:46,2024-01-17 10:44:28,4101,60068,CDN77 ^_^,GB
149.36.51.130,2024-01-17 06:17:46,2024-01-17 10:44:29,7841,212238,CDNEXT,DE
212.102.63.117,2024-01-17 06:17:46,2024-01-17 10:44:29,4216,60068,CDN77 ^_^,GB
212.102.63.123,2024-01-17 06:17:46,2024-01-17 10:44:26,4015,60068,CDN77 ^_^,GB
149.36.51.153,2024-01-17 06:17:46,2024-01-17 10:44:27,7282,212238,CDNEXT,DE
149.36.51.131,2024-01-17 06:17:46,2024-01-17 10:44:28,7769,212238,CDNEXT,DE
149.36.51.144,2024-01-17 06:17:46,2024-01-17 10:44:25,7421,212238,CDNEXT,DE
138.199.31.142,2024-01-17 06:17:46,2024-01-17 10:44:31,7331,212238,CDNEXT,GB
138.199.31.145,2024-01-17 06:17:46,2024-01-17 10:44:31,7382,212238,CDNEXT,GB
146.70.222.7,2024-01-17 06:17:47,2024-01-17 10:44:24,1482,9009,M247,CZ
149.36.51.140,2024-01-17 06:17:47,2024-01-17 10:44:29,7636,212238,CDNEXT,DE
149.36.51.138,2024-01-17 06:17:47,2024-01-17 10:44:26,7374,212238,CDNEXT,DE
37.156.216.138,2024-01-17 06:17:47,2024-01-17 10:44:30,4855,62282,RACKRAY UAB Rakrejus,JP
138.199.31.136,2024-01-17 06:17:47,2024-01-17 10:44:29,7340,212238,CDNEXT,GB
138.199.31.155,2024-01-17 06:17:47,2024-01-17 10:44:29,7249,212238,CDNEXT,GB
138.199.31.153,2024-01-17 06:17:47,2024-01-17 10:44:31,7339,212238,CDNEXT,GB
37.156.216.137,2024-01-17 06:17:47,2024-01-17 10:44:22,4909,62282,RACKRAY UAB Rakrejus,JP
193.239.84.50,2024-01-17 06:17:47,2024-01-17 10:44:23,24621,9009,M247,GB
149.36.51.135,2024-01-17 06:17:47,2024-01-17 10:44:28,7578,212238,CDNEXT,DE
37.156.216.142,2024-01-17 06:17:47,2024-01-17 10:44:31,4687,62282,RACKRAY UAB Rakrejus,JP
138.199.31.140,2024-01-17 06:17:47,2024-01-17 10:44:28,7342,212238,CDNEXT,GB
195.181.172.155,2024-01-17 06:17:48,2024-01-17 10:44:28,5003,60068,CDN77 ^_^,NL
138.199.31.147,2024-01-17 06:17:48,2024-01-17 10:44:28,7293,212238,CDNEXT,GB
195.181.172.147,2024-01-17 06:17:48,2024-01-17 10:44:32,5422,60068,CDN77 ^_^,NL
149.36.51.147,2024-01-17 06:17:49,2024-01-17 10:44:27,8244,212238,CDNEXT,DE
149.36.51.150,2024-01-17 06:17:50,2024-01-17 10:44:28,7475,212238,CDNEXT,DE
195.181.172.149,2024-01-17 06:17:52,2024-01-17 10:44:32,5098,60068,CDN77 ^_^,NL
84.17.50.152,2024-01-17 06:17:52,2024-01-17 10:44:23,2984,60068,CDN77 ^_^,GB
84.17.50.142,2024-01-17 06:17:52,2024-01-17 10:44:29,3084,60068,CDN77 ^_^,GB
84.17.50.145,2024-01-17 06:17:52,2024-01-17 10:44:28,3008,60068,CDN77 ^_^,GB
84.17.50.151,2024-01-17 06:17:52,2024-01-17 10:44:04,2961,60068,CDN77 ^_^,GB
45.136.155.236,2024-01-17 06:17:52,2024-01-17 10:44:22,3019,212238,CDNEXT,TR
84.17.50.155,2024-01-17 06:17:53,2024-01-17 10:44:28,3168,60068,CDN77 ^_^,GB
45.136.155.235,2024-01-17 06:17:53,2024-01-17 10:44:27,3086,212238,CDNEXT,TR
84.17.50.140,2024-01-17 06:17:53,2024-01-17 10:44:29,2954,60068,CDN77 ^_^,GB
45.136.155.234,2024-01-17 06:17:53,2024-01-17 10:44:25,2970,212238,CDNEXT,TR
212.102.63.120,2024-01-17 06:17:53,2024-01-17 10:44:28,4253,60068,CDN77 ^_^,GB
84.17.50.141,2024-01-17 06:17:53,2024-01-17 10:44:28,2942,60068,CDN77 ^_^,GB
45.136.155.245,2024-01-17 06:17:53,2024-01-17 10:44:30,2926,212238,CDNEXT,TR
212.102.63.105,2024-01-17 06:17:53,2024-01-17 10:44:28,4104,60068,CDN77 ^_^,GB
45.136.155.233,2024-01-17 06:17:53,2024-01-17 10:44:27,2955,212238,CDNEXT,TR
212.102.63.98,2024-01-17 06:17:53,2024-01-17 10:44:28,4077,60068,CDN77 ^_^,GB
138.199.47.221,2024-01-17 06:17:53,2024-01-17 10:44:30,5242,212238,CDNEXT,FR
45.136.155.243,2024-01-17 06:17:53,2024-01-17 10:44:26,3013,212238,CDNEXT,TR
212.102.63.108,2024-01-17 06:17:53,2024-01-17 10:44:26,4188,60068,CDN77 ^_^,GB
138.199.47.246,2024-01-17 06:17:53,2024-01-17 10:44:16,5057,212238,CDNEXT,FR
138.199.47.233,2024-01-17 06:17:53,2024-01-17 10:44:28,5113,212238,CDNEXT,FR
212.102.63.115,2024-01-17 06:17:53,2024-01-17 10:44:29,4163,60068,CDN77 ^_^,GB
212.102.63.121,2024-01-17 06:17:54,2024-01-17 10:44:29,4225,60068,CDN77 ^_^,GB
138.199.47.222,2024-01-17 06:17:54,2024-01-17 10:44:15,4996,212238,CDNEXT,FR
138.199.47.231,2024-01-17 06:17:54,2024-01-17 10:44:26,4955,212238,CDNEXT,FR
138.199.47.245,2024-01-17 06:17:54,2024-01-17 10:44:25,4871,212238,CDNEXT,FR
138.199.47.235,2024-01-17 06:17:54,2024-01-17 10:44:29,5173,212238,CDNEXT,FR
138.199.31.143,2024-01-17 06:17:54,2024-01-17 10:44:29,7377,212238,CDNEXT,GB
138.199.31.150,2024-01-17 06:17:54,2024-01-17 10:44:30,7191,212238,CDNEXT,GB
138.199.31.138,2024-01-17 06:17:54,2024-01-17 10:44:29,7439,212238,CDNEXT,GB
138.199.31.134,2024-01-17 06:17:54,2024-01-17 10:44:30,7691,212238,CDNEXT,GB
37.156.216.136,2024-01-17 06:17:55,2024-01-17 10:44:30,5000,62282,RACKRAY UAB Rakrejus,JP
138.199.31.149,2024-01-17 06:17:55,2024-01-17 10:44:31,7292,212238,CDNEXT,GB
149.102.229.198,2024-01-17 06:17:55,2024-01-17 10:44:28,4638,212238,CDNEXT,TR
149.102.229.208,2024-01-17 06:17:55,2024-01-17 10:44:21,4443,212238,CDNEXT,TR
138.199.31.154,2024-01-17 06:17:55,2024-01-17 10:44:31,7277,212238,CDNEXT,GB
149.102.229.214,2024-01-17 06:17:55,2024-01-17 10:44:15,4529,212238,CDNEXT,TR
149.102.229.210,2024-01-17 06:17:55,2024-01-17 10:44:19,4602,212238,CDNEXT,TR
138.199.31.144,2024-01-17 06:17:55,2024-01-17 10:44:30,7133,212238,CDNEXT,GB
138.199.31.135,2024-01-17 06:17:55,2024-01-17 10:44:31,7334,212238,CDNEXT,GB
138.199.31.133,2024-01-17 06:17:55,2024-01-17 10:44:29,7270,212238,CDNEXT,GB
149.102.229.209,2024-01-17 06:17:56,2024-01-17 10:44:23,4459,212238,CDNEXT,TR
84.247.116.216,2024-01-17 06:17:56,2024-01-17 08:06:00,14764,12310,INES Bucharest ROMANIA,NL
138.199.31.148,2024-01-17 06:17:57,2024-01-17 10:44:28,7523,212238,CDNEXT,GB
45.133.172.73,2024-01-17 06:17:57,2024-01-17 10:44:30,22269,174,COGENT-174,GB
149.36.51.149,2024-01-17 06:17:57,2024-01-17 10:44:27,7572,212238,CDNEXT,NL
149.36.51.151,2024-01-17 06:17:57,2024-01-17 10:44:31,7443,212238,CDNEXT,DE
138.199.31.152,2024-01-17 06:17:57,2024-01-17 10:44:29,7193,212238,CDNEXT,GB
138.199.31.139,2024-01-17 06:17:57,2024-01-17 10:44:29,7155,212238,CDNEXT,GB
149.36.51.136,2024-01-17 06:17:57,2024-01-17 10:44:25,7481,212238,CDNEXT,DE
45.133.172.23,2024-01-17 06:17:58,2024-01-17 10:43:57,19624,174,COGENT-174,GB
149.36.51.145,2024-01-17 06:17:58,2024-01-17 10:44:27,7401,212238,CDNEXT,DE
45.133.173.10,2024-01-17 06:17:59,2024-01-17 10:44:31,20328,174,COGENT-174,GB
84.17.50.148,2024-01-17 06:17:59,2024-01-17 10:44:28,2981,60068,CDN77 ^_^,GB
84.17.50.134,2024-01-17 06:18:00,2024-01-17 10:44:26,3067,60068,CDN77 ^_^,GB
84.17.50.135,2024-01-17 06:18:00,2024-01-17 10:44:20,2906,60068,CDN77 ^_^,GB
84.17.50.139,2024-01-17 06:18:00,2024-01-17 10:44:29,3033,60068,CDN77 ^_^,GB
84.17.50.133,2024-01-17 06:18:00,2024-01-17 10:44:20,3023,60068,CDN77 ^_^,GB
84.17.50.136,2024-01-17 06:18:00,2024-01-17 10:44:26,3104,60068,CDN77 ^_^,GB
138.199.47.236,2024-01-17 06:18:00,2024-01-17 10:44:26,5086,212238,CDNEXT,FR
138.199.47.225,2024-01-17 06:18:01,2024-01-17 10:44:28,5007,212238,CDNEXT,FR
45.136.155.247,2024-01-17 06:18:01,2024-01-17 10:44:29,3181,212238,CDNEXT,TR
45.136.155.229,2024-01-17 06:18:01,2024-01-17 10:44:26,2934,212238,CDNEXT,TR
138.199.47.237,2024-01-17 06:18:01,2024-01-17 10:44:30,5007,212238,CDNEXT,FR
212.102.63.99,2024-01-17 06:18:01,2024-01-17 10:44:25,4095,60068,CDN77 ^_^,GB
138.199.47.224,2024-01-17 06:18:01,2024-01-17 10:44:29,5073,212238,CDNEXT,FR
45.136.155.240,2024-01-17 06:18:01,2024-01-17 10:44:22,2961,212238,CDNEXT,TR
212.102.63.122,2024-01-17 06:18:01,2024-01-17 10:44:28,4256,60068,CDN77 ^_^,GB
45.136.155.237,2024-01-17 06:18:01,2024-01-17 10:44:24,2864,212238,CDNEXT,TR
212.102.63.119,2024-01-17 06:18:01,2024-01-17 10:44:28,4201,60068,CDN77 ^_^,GB
45.136.155.239,2024-01-17 06:18:01,2024-01-17 10:44:26,3060,212238,CDNEXT,TR
149.102.229.213,2024-01-17 06:18:02,2024-01-17 10:44:23,4565,212238,CDNEXT,TR
149.102.229.217,2024-01-17 06:18:02,2024-01-17 10:44:16,4595,212238,CDNEXT,TR
191.96.168.202,2024-01-17 06:18:02,2024-01-17 08:39:52,13608,174,COGENT-174,NL
138.199.31.151,2024-01-17 06:18:02,2024-01-17 10:44:31,7188,212238,CDNEXT,GB
149.102.229.215,2024-01-17 06:18:02,2024-01-17 10:44:29,4517,212238,CDNEXT,TR
149.102.229.197,2024-01-17 06:18:03,2024-01-17 10:44:23,4300,212238,CDNEXT,TR
149.36.51.133,2024-01-17 06:18:03,2024-01-17 10:44:29,7410,212238,CDNEXT,DE
37.156.216.131,2024-01-17 06:18:03,2024-01-17 10:44:23,5115,62282,RACKRAY UAB Rakrejus,JP
149.102.229.203,2024-01-17 06:18:04,2024-01-17 10:44:22,4304,212238,CDNEXT,TR
149.102.229.195,2024-01-17 06:18:04,2024-01-17 10:44:28,4751,212238,CDNEXT,TR
138.199.31.137,2024-01-17 06:18:05,2024-01-17 10:44:28,7449,212238,CDNEXT,GB
172.233.56.239,2024-01-17 06:18:07,2024-01-17 10:23:45,8584,63949,AKAMAI-LINODE-AP Akamai Connected Cloud,NL
89.149.37.141,2024-01-17 06:18:08,2024-01-17 06:36:07,1795,12310,INES Bucharest ROMANIA,DE
139.162.134.137,2024-01-17 06:18:08,2024-01-17 10:23:46,8037,63949,AKAMAI-LINODE-AP Akamai Connected Cloud,DE
172.233.56.110,2024-01-17 06:18:08,2024-01-17 10:23:45,8856,63949,AKAMAI-LINODE-AP Akamai Connected Cloud,NL
84.17.50.153,2024-01-17 06:18:08,2024-01-17 10:44:28,3040,60068,CDN77 ^_^,GB
172.233.56.218,2024-01-17 06:18:08,2024-01-17 10:23:45,8120,63949,AKAMAI-LINODE-AP Akamai Connected Cloud,NL
45.136.155.238,2024-01-17 06:18:08,2024-01-17 10:44:26,3034,212238,CDNEXT,TR
45.136.155.249,2024-01-17 06:18:08,2024-01-17 10:44:22,2999,212238,CDNEXT,TR
84.17.50.144,2024-01-17 06:18:08,2024-01-17 10:44:27,3030,60068,CDN77 ^_^,GB
85.90.247.103,2024-01-17 06:18:08,2024-01-17 10:23:45,7763,63949,AKAMAI-LINODE-AP Akamai Connected Cloud,DE
139.162.178.7,2024-01-17 06:18:08,2024-01-17 10:23:47,8278,63949,AKAMAI-LINODE-AP Akamai Connected Cloud,DE
45.136.155.251,2024-01-17 06:18:08,2024-01-17 10:44:29,3013,212238,CDNEXT,TR
172.104.156.70,2024-01-17 06:18:08,2024-01-17 10:23:45,8551,63949,AKAMAI-LINODE-AP Akamai Connected Cloud,DE
45.136.155.246,2024-01-17 06:18:08,2024-01-17 10:44:30,3114,212238,CDNEXT,TR
172.233.56.123,2024-01-17 06:18:08,2024-01-17 10:23:45,7675,63949,AKAMAI-LINODE-AP Akamai Connected Cloud,NL
172.233.56.159,2024-01-17 06:18:08,2024-01-17 10:23:45,8002,63949,AKAMAI-LINODE-AP Akamai Connected Cloud,NL
45.136.155.242,2024-01-17 06:18:09,2024-01-17 10:44:27,2935,212238,CDNEXT,TR
138.199.47.241,2024-01-17 06:18:09,2024-01-17 10:44:15,4921,212238,CDNEXT,FR
85.90.247.71,2024-01-17 06:18:09,2024-01-17 10:23:45,8302,63949,AKAMAI-LINODE-AP Akamai Connected Cloud,DE
138.199.47.238,2024-01-17 06:18:09,2024-01-17 10:44:28,4979,212238,CDNEXT,FR
138.199.47.230,2024-01-17 06:18:09,2024-01-17 10:44:20,4844,212238,CDNEXT,FR
138.199.47.228,2024-01-17 06:18:09,2024-01-17 10:44:28,5084,212238,CDNEXT,FR
138.199.47.232,2024-01-17 06:18:09,2024-01-17 10:44:11,5169,212238,CDNEXT,FR
149.102.229.205,2024-01-17 06:18:10,2024-01-17 10:44:28,4412,212238,CDNEXT,TR
212.102.63.109,2024-01-17 06:18:11,2024-01-17 10:44:12,4284,60068,CDN77 ^_^,GB
212.102.63.96,2024-01-17 06:18:11,2024-01-17 10:44:29,4242,60068,CDN77 ^_^,GB
212.102.63.103,2024-01-17 06:18:11,2024-01-17 10:44:28,4241,60068,CDN77 ^_^,GB
212.102.63.104,2024-01-17 06:18:12,2024-01-17 10:44:29,4127,60068,CDN77 ^_^,GB
149.102.229.219,2024-01-17 06:18:12,2024-01-17 10:44:08,4500,212238,CDNEXT,TR
212.102.63.100,2024-01-17 06:18:13,2024-01-17 10:44:18,4293,60068,CDN77 ^_^,GB
212.102.63.102,2024-01-17 06:18:13,2024-01-17 10:44:23,4209,60068,CDN77 ^_^,GB
149.36.51.155,2024-01-17 06:18:13,2024-01-17 10:44:25,7518,212238,CDNEXT,DE
138.199.31.146,2024-01-17 06:18:13,2024-01-17 10:44:29,7351,212238,CDNEXT,GB
138.199.31.141,2024-01-17 06:18:13,2024-01-17 10:44:30,7488,212238,CDNEXT,GB
149.36.51.132,2024-01-17 06:18:13,2024-01-17 10:44:28,7672,212238,CDNEXT,DE
84.17.50.143,2024-01-17 06:18:16,2024-01-17 10:44:26,3116,60068,CDN77 ^_^,GB
84.17.50.150,2024-01-17 06:18:16,2024-01-17 10:44:29,2983,60068,CDN77 ^_^,GB
138.199.47.226,2024-01-17 06:18:17,2024-01-17 10:44:28,4941,212238,CDNEXT,FR
212.102.63.97,2024-01-17 06:18:18,2024-01-17 10:44:28,4165,60068,CDN77 ^_^,GB
212.102.63.118,2024-01-17 06:18:18,2024-01-17 10:44:26,4181,60068,CDN77 ^_^,GB
212.102.63.110,2024-01-17 06:18:18,2024-01-17 10:44:25,4083,60068,CDN77 ^_^,GB
194.110.13.46,2024-01-17 06:18:19,2024-01-17 10:44:30,13804,174,COGENT-174,GB
45.136.155.244,2024-01-17 06:18:19,2024-01-17 10:44:26,3060,212238,CDNEXT,TR
45.136.155.232,2024-01-17 06:18:19,2024-01-17 10:44:29,3131,212238,CDNEXT,TR
45.136.155.241,2024-01-17 06:18:19,2024-01-17 10:44:29,3150,212238,CDNEXT,TR
45.136.155.231,2024-01-17 06:18:20,2024-01-17 10:44:26,3110,212238,CDNEXT,TR
212.102.63.111,2024-01-17 06:18:20,2024-01-17 10:44:29,4333,60068,CDN77 ^_^,GB
84.17.50.146,2024-01-17 06:18:23,2024-01-17 10:44:11,3039,60068,CDN77 ^_^,GB
84.17.50.154,2024-01-17 06:18:23,2024-01-17 10:44:06,3084,60068,CDN77 ^_^,GB
138.199.47.243,2024-01-17 06:18:25,2024-01-17 10:44:25,5015,212238,CDNEXT,FR
138.199.47.239,2024-01-17 06:18:25,2024-01-17 10:44:28,4994,212238,CDNEXT,FR
138.199.47.229,2024-01-17 06:18:25,2024-01-17 10:44:28,5046,212238,CDNEXT,FR
212.102.59.205,2024-01-17 06:18:30,2024-01-17 10:44:22,8429,60068,CDN77 ^_^,US
45.88.97.17,2024-01-17 06:18:31,2024-01-17 06:40:49,2513,174,COGENT-174,DE
45.87.212.93,2024-01-17 06:18:32,2024-01-17 10:44:29,5047,9009,M247,DE
45.87.212.91,2024-01-17 06:18:33,2024-01-17 10:44:29,5007,9009,M247,DE
45.87.212.89,2024-01-17 06:18:33,2024-01-17 10:44:31,5201,9009,M247,DE
45.87.212.86,2024-01-17 06:18:33,2024-01-17 10:44:27,5157,9009,M247,DE
45.87.212.90,2024-01-17 06:18:33,2024-01-17 10:44:31,5074,9009,M247,DE
138.199.47.244,2024-01-17 06:18:33,2024-01-17 10:44:23,5118,212238,CDNEXT,FR
45.88.97.26,2024-01-17 06:18:33,2024-01-17 06:33:33,1364,174,COGENT-174,DE
45.136.155.227,2024-01-17 06:18:34,2024-01-17 10:44:29,3197,212238,CDNEXT,TR
45.87.212.87,2024-01-17 06:18:34,2024-01-17 10:44:28,4972,9009,M247,DE
45.87.212.94,2024-01-17 06:18:34,2024-01-17 10:44:29,5082,9009,M247,DE
146.70.81.152,2024-01-17 06:18:34,2024-01-17 10:43:52,1729,9009,M247,AT
146.70.81.155,2024-01-17 06:18:34,2024-01-17 10:43:53,1746,9009,M247,AT
146.70.81.149,2024-01-17 06:18:34,2024-01-17 10:43:53,1855,9009,M247,AT
146.70.81.154,2024-01-17 06:18:34,2024-01-17 10:43:52,1784,9009,M247,AT
146.70.81.156,2024-01-17 06:18:34,2024-01-17 10:43:53,1861,9009,M247,AT
146.70.81.157,2024-01-17 06:18:34,2024-01-17 10:43:53,1768,9009,M247,AT
146.70.81.147,2024-01-17 06:18:34,2024-01-17 10:43:53,1852,9009,M247,AT
146.70.81.150,2024-01-17 06:18:35,2024-01-17 10:43:52,1737,9009,M247,AT
146.70.81.151,2024-01-17 06:18:35,2024-01-17 10:43:53,1789,9009,M247,AT
45.87.212.92,2024-01-17 06:18:35,2024-01-17 10:44:31,5327,9009,M247,DE
84.17.50.147,2024-01-17 06:18:36,2024-01-17 10:44:26,3021,60068,CDN77 ^_^,GB
45.87.212.71,2024-01-17 06:18:37,2024-01-17 10:44:18,4834,9009,M247,DE
45.87.212.76,2024-01-17 06:18:37,2024-01-17 10:44:18,5034,9009,M247,DE
146.70.81.153,2024-01-17 06:18:37,2024-01-17 10:43:53,1787,9009,M247,AT
45.87.212.70,2024-01-17 06:18:37,2024-01-17 10:44:18,4947,9009,M247,DE
45.87.212.73,2024-01-17 06:18:37,2024-01-17 10:44:15,4766,9009,M247,DE
45.87.212.78,2024-01-17 06:18:37,2024-01-17 10:44:15,4852,9009,M247,DE
212.102.63.114,2024-01-17 06:18:38,2024-01-17 10:44:30,4146,60068,CDN77 ^_^,GB
45.87.212.77,2024-01-17 06:18:39,2024-01-17 10:44:18,4649,9009,M247,DE
45.136.155.250,2024-01-17 06:18:39,2024-01-17 10:44:25,3096,212238,CDNEXT,TR
45.87.212.88,2024-01-17 06:18:39,2024-01-17 10:44:31,5114,9009,M247,DE
45.87.212.74,2024-01-17 06:18:39,2024-01-17 10:44:15,4741,9009,M247,DE
89.149.17.82,2024-01-17 06:18:39,2024-01-17 10:44:25,11548,12310,INES Bucharest ROMANIA,CA
45.87.212.75,2024-01-17 06:18:39,2024-01-17 10:44:18,4898,9009,M247,DE
45.87.212.72,2024-01-17 06:18:40,2024-01-17 10:44:15,4823,9009,M247,DE
84.17.50.149,2024-01-17 06:18:43,2024-01-17 10:44:29,3109,60068,CDN77 ^_^,GB
45.136.155.226,2024-01-17 06:18:44,2024-01-17 10:44:27,3201,212238,CDNEXT,TR
45.136.155.248,2024-01-17 06:18:45,2024-01-17 10:44:26,2968,212238,CDNEXT,TR
216.24.213.12,2024-01-17 06:18:45,2024-01-17 10:43:34,8279,174,COGENT-174,DE
45.133.172.14,2024-01-17 06:18:49,2024-01-17 10:44:31,19372,174,COGENT-174,GB
84.17.50.138,2024-01-17 06:18:52,2024-01-17 10:44:29,3018,60068,CDN77 ^_^,GB
45.136.155.228,2024-01-17 06:18:53,2024-01-17 10:44:27,3093,212238,CDNEXT,TR
45.88.97.241,2024-01-17 06:18:58,2024-01-17 06:36:32,680,174,COGENT-174,DE
146.70.105.48,2024-01-17 06:19:00,2024-01-17 10:44:27,917,9009,M247,FR
193.239.84.58,2024-01-17 06:19:00,2024-01-17 10:44:28,19635,9009,M247,GB
146.70.105.56,2024-01-17 06:19:00,2024-01-17 10:44:20,936,9009,M247,FR
146.70.105.50,2024-01-17 06:19:00,2024-01-17 10:44:18,921,9009,M247,FR
146.70.105.49,2024-01-17 06:19:00,2024-01-17 10:44:25,950,9009,M247,FR
146.70.105.38,2024-01-17 06:19:00,2024-01-17 10:44:23,939,9009,M247,FR
146.70.105.51,2024-01-17 06:19:00,2024-01-17 10:44:11,927,9009,M247,FR
146.70.105.46,2024-01-17 06:19:01,2024-01-17 10:44:27,941,9009,M247,FR
138.199.47.240,2024-01-17 06:19:01,2024-01-17 10:44:26,4798,212238,CDNEXT,FR
146.70.105.44,2024-01-17 06:19:01,2024-01-17 10:44:30,908,9009,M247,FR
146.70.105.52,2024-01-17 06:19:01,2024-01-17 10:44:09,925,9009,M247,FR
146.70.105.36,2024-01-17 06:19:02,2024-01-17 10:44:07,947,9009,M247,FR
146.70.105.58,2024-01-17 06:19:02,2024-01-17 10:44:29,962,9009,M247,FR
146.70.105.60,2024-01-17 06:19:02,2024-01-17 10:44:25,925,9009,M247,FR
45.133.172.203,2024-01-17 06:19:03,2024-01-17 10:44:18,13472,174,COGENT-174,GB
146.70.105.61,2024-01-17 06:19:03,2024-01-17 10:44:22,940,9009,M247,FR
45.133.172.70,2024-01-17 06:19:03,2024-01-17 10:44:31,30865,174,COGENT-174,GB
146.70.105.42,2024-01-17 06:19:04,2024-01-17 10:44:25,959,9009,M247,FR
146.70.105.59,2024-01-17 06:19:05,2024-01-17 10:44:29,938,9009,M247,FR
146.70.105.62,2024-01-17 06:19:05,2024-01-17 10:44:26,932,9009,M247,FR
194.110.13.48,2024-01-17 06:19:05,2024-01-17 10:44:28,12243,174,COGENT-174,GB
146.70.105.55,2024-01-17 06:19:05,2024-01-17 10:44:25,924,9009,M247,FR
84.17.50.137,2024-01-17 06:19:07,2024-01-17 10:44:26,3078,60068,CDN77 ^_^,GB
37.120.217.180,2024-01-17 06:19:07,2024-01-17 06:22:06,471,9009,M247,DE
176.125.229.3,2024-01-17 06:19:07,2024-01-17 10:44:24,13291,9009,M247,ME
146.70.105.40,2024-01-17 06:19:07,2024-01-17 10:44:22,962,9009,M247,FR
146.70.105.39,2024-01-17 06:19:07,2024-01-17 10:44:29,1007,9009,M247,FR
146.70.105.43,2024-01-17 06:19:08,2024-01-17 10:44:20,954,9009,M247,FR
146.70.105.41,2024-01-17 06:19:08,2024-01-17 10:44:29,951,9009,M247,FR
89.149.17.55,2024-01-17 06:19:08,2024-01-17 10:44:23,11506,212238,CDNEXT,CA
146.70.105.54,2024-01-17 06:19:09,2024-01-17 10:44:17,930,9009,M247,FR
146.70.105.57,2024-01-17 06:19:09,2024-01-17 10:44:29,929,9009,M247,FR
146.70.105.45,2024-01-17 06:19:10,2024-01-17 10:44:26,905,9009,M247,FR
138.199.47.242,2024-01-17 06:19:10,2024-01-17 10:44:28,5067,212238,CDNEXT,FR
146.70.105.35,2024-01-17 06:19:10,2024-01-17 10:44:27,791,9009,M247,FR
146.70.105.37,2024-01-17 06:19:10,2024-01-17 10:44:25,892,9009,M247,FR
45.133.172.24,2024-01-17 06:19:12,2024-01-17 10:44:21,30501,174,COGENT-174,GB
191.96.67.24,2024-01-17 06:19:13,2024-01-17 10:44:31,12732,212238,CDNEXT,US
146.70.105.47,2024-01-17 06:19:13,2024-01-17 10:44:13,917,9009,M247,FR
45.136.155.230,2024-01-17 06:19:15,2024-01-17 10:44:10,3024,212238,CDNEXT,TR
91.90.122.19,2024-01-17 06:19:15,2024-01-17 10:24:31,7155,9009,M247,LI
217.138.194.124,2024-01-17 06:19:24,2024-01-17 10:44:05,1555,9009,M247,DE
217.138.194.123,2024-01-17 06:19:24,2024-01-17 10:44:06,1559,9009,M247,DE
217.138.194.119,2024-01-17 06:19:24,2024-01-17 10:44:07,1540,9009,M247,DE
45.87.212.59,2024-01-17 06:19:24,2024-01-17 10:44:19,1487,9009,M247,DE
45.87.212.60,2024-01-17 06:19:24,2024-01-17 10:44:19,1477,9009,M247,DE
217.138.194.125,2024-01-17 06:19:25,2024-01-17 10:44:07,1507,9009,M247,DE
45.87.212.57,2024-01-17 06:19:25,2024-01-17 10:44:19,1516,9009,M247,DE
45.87.212.54,2024-01-17 06:19:25,2024-01-17 10:44:19,1487,9009,M247,DE
45.87.212.55,2024-01-17 06:19:25,2024-01-17 10:44:11,1472,9009,M247,DE
45.87.212.58,2024-01-17 06:19:25,2024-01-17 10:44:11,1525,9009,M247,DE
146.70.81.148,2024-01-17 06:19:27,2024-01-17 10:43:53,1872,9009,M247,AT
217.138.194.120,2024-01-17 06:19:27,2024-01-17 10:44:06,1401,9009,M247,DE
217.138.194.122,2024-01-17 06:19:27,2024-01-17 10:44:07,1479,9009,M247,DE
146.70.81.158,2024-01-17 06:19:28,2024-01-17 10:43:53,1736,9009,M247,AT
217.138.194.121,2024-01-17 06:19:28,2024-01-17 10:44:06,1459,9009,M247,DE
45.89.174.46,2024-01-17 06:19:31,2024-01-17 08:55:04,967,9009,M247,FR
45.89.174.42,2024-01-17 06:19:32,2024-01-17 08:54:11,957,9009,M247,FR
45.89.174.40,2024-01-17 06:19:32,2024-01-17 08:55:55,945,9009,M247,FR
146.70.105.53,2024-01-17 06:19:32,2024-01-17 10:44:20,930,9009,M247,FR
45.89.174.45,2024-01-17 06:19:32,2024-01-17 09:11:34,953,9009,M247,FR
217.138.194.118,2024-01-17 06:19:32,2024-01-17 10:44:06,1476,9009,M247,DE
217.138.194.126,2024-01-17 06:19:32,2024-01-17 10:44:04,1496,9009,M247,DE
45.89.174.38,2024-01-17 06:19:32,2024-01-17 08:54:11,960,9009,M247,FR
193.27.14.183,2024-01-17 06:19:35,2024-01-17 10:44:31,2917,9009,M247,DE
193.27.14.190,2024-01-17 06:19:35,2024-01-17 10:44:31,3015,9009,M247,DE
193.27.14.185,2024-01-17 06:19:35,2024-01-17 10:44:26,3091,9009,M247,DE
193.27.14.184,2024-01-17 06:19:36,2024-01-17 10:44:31,2931,9009,M247,DE
45.133.172.47,2024-01-17 06:19:36,2024-01-17 10:44:30,31579,174,COGENT-174,GB
138.199.47.227,2024-01-17 06:19:38,2024-01-17 10:44:26,4971,212238,CDNEXT,FR
45.87.212.62,2024-01-17 06:19:38,2024-01-17 10:44:14,1453,9009,M247,DE
193.27.14.187,2024-01-17 06:19:39,2024-01-17 10:44:24,2829,9009,M247,DE
45.89.174.44,2024-01-17 06:19:39,2024-01-17 09:03:11,949,9009,M247,FR
45.89.174.39,2024-01-17 06:19:39,2024-01-17 08:55:56,930,9009,M247,FR
45.87.212.56,2024-01-17 06:19:40,2024-01-17 10:44:19,1508,9009,M247,DE
193.27.14.186,2024-01-17 06:19:40,2024-01-17 10:44:30,2988,9009,M247,DE
193.27.14.182,2024-01-17 06:19:40,2024-01-17 10:44:29,2995,9009,M247,DE
45.89.174.43,2024-01-17 06:19:40,2024-01-17 08:54:11,967,9009,M247,FR
89.187.165.122,2024-01-17 06:19:40,2024-01-17 10:44:27,1929,60068,CDN77 ^_^,CH
89.187.165.104,2024-01-17 06:19:40,2024-01-17 10:44:19,1978,60068,CDN77 ^_^,CH
45.87.212.61,2024-01-17 06:19:40,2024-01-17 10:44:19,1477,9009,M247,DE
89.187.165.116,2024-01-17 06:19:41,2024-01-17 10:44:20,1860,60068,CDN77 ^_^,CH
89.187.165.114,2024-01-17 06:19:41,2024-01-17 10:44:18,1970,60068,CDN77 ^_^,CH
193.27.14.188,2024-01-17 06:19:41,2024-01-17 10:44:31,2965,9009,M247,DE
89.187.165.121,2024-01-17 06:19:41,2024-01-17 10:44:21,1873,60068,CDN77 ^_^,CH
45.89.174.41,2024-01-17 06:19:41,2024-01-17 09:04:06,939,9009,M247,FR
89.187.165.107,2024-01-17 06:19:41,2024-01-17 10:44:20,1878,60068,CDN77 ^_^,CH
193.161.204.24,2024-01-17 06:19:42,2024-01-17 10:44:31,6816,51765,CREANOVA-AS Oy Creanova Hosting Solutions Ltd.,FI
193.161.204.29,2024-01-17 06:19:42,2024-01-17 10:44:27,6455,51765,CREANOVA-AS Oy Creanova Hosting Solutions Ltd.,FI
193.161.204.26,2024-01-17 06:19:42,2024-01-17 10:44:29,6565,51765,CREANOVA-AS Oy Creanova Hosting Solutions Ltd.,FI
193.161.204.28,2024-01-17 06:19:42,2024-01-17 10:44:29,6329,51765,CREANOVA-AS Oy Creanova Hosting Solutions Ltd.,FI
193.161.204.27,2024-01-17 06:19:43,2024-01-17 10:44:31,6485,51765,CREANOVA-AS Oy Creanova Hosting Solutions Ltd.,FI
193.27.14.189,2024-01-17 06:19:43,2024-01-17 10:44:29,3018,9009,M247,DE
89.187.165.119,2024-01-17 06:19:48,2024-01-17 10:44:26,1897,60068,CDN77 ^_^,CH
89.187.165.108,2024-01-17 06:19:49,2024-01-17 10:44:26,1961,60068,CDN77 ^_^,CH
89.187.165.113,2024-01-17 06:19:49,2024-01-17 10:44:27,1830,60068,CDN77 ^_^,CH
89.187.165.123,2024-01-17 06:19:49,2024-01-17 10:44:26,1844,60068,CDN77 ^_^,CH
212.102.39.212,2024-01-17 06:19:49,2024-01-17 10:44:29,25719,212238,CDNEXT,CZ
193.161.204.25,2024-01-17 06:19:51,2024-01-17 10:44:27,6488,51765,CREANOVA-AS Oy Creanova Hosting Solutions Ltd.,FI
193.161.204.31,2024-01-17 06:19:51,2024-01-17 10:44:26,6451,51765,CREANOVA-AS Oy Creanova Hosting Solutions Ltd.,FI
193.161.204.32,2024-01-17 06:19:51,2024-01-17 10:44:29,6395,51765,CREANOVA-AS Oy Creanova Hosting Solutions Ltd.,FI
138.199.47.234,2024-01-17 06:19:53,2024-01-17 10:44:28,5089,212238,CDNEXT,FR
89.187.165.117,2024-01-17 06:19:56,2024-01-17 10:44:19,1888,60068,CDN77 ^_^,CH
193.161.204.23,2024-01-17 06:19:59,2024-01-17 10:44:29,6674,51765,CREANOVA-AS Oy Creanova Hosting Solutions Ltd.,FI
146.70.107.23,2024-01-17 06:20:03,2024-01-17 10:43:35,972,9009,M247,DE
146.70.107.5,2024-01-17 06:20:03,2024-01-17 10:44:26,907,9009,M247,DE
146.70.107.22,2024-01-17 06:20:03,2024-01-17 10:44:28,936,9009,M247,DE
146.70.107.18,2024-01-17 06:20:04,2024-01-17 10:43:34,891,9009,M247,DE
146.70.107.28,2024-01-17 06:20:04,2024-01-17 10:44:26,964,9009,M247,DE
146.70.107.12,2024-01-17 06:20:04,2024-01-17 10:44:29,913,9009,M247,DE
146.70.107.6,2024-01-17 06:20:04,2024-01-17 10:43:29,921,9009,M247,DE
146.70.107.10,2024-01-17 06:20:04,2024-01-17 10:44:21,987,9009,M247,DE
146.70.107.26,2024-01-17 06:20:04,2024-01-17 10:44:30,924,9009,M247,DE
146.70.107.20,2024-01-17 06:20:04,2024-01-17 10:44:28,952,9009,M247,DE
89.187.165.111,2024-01-17 06:20:04,2024-01-17 10:44:27,1916,60068,CDN77 ^_^,CH
146.70.107.8,2024-01-17 06:20:04,2024-01-17 10:44:26,995,9009,M247,DE
146.70.107.24,2024-01-17 06:20:04,2024-01-17 10:44:29,941,9009,M247,DE
89.187.165.110,2024-01-17 06:20:04,2024-01-17 10:44:26,1932,60068,CDN77 ^_^,CH
146.70.107.16,2024-01-17 06:20:04,2024-01-17 10:44:30,978,9009,M247,DE
89.187.165.101,2024-01-17 06:20:04,2024-01-17 10:44:20,1947,60068,CDN77 ^_^,CH
89.187.165.109,2024-01-17 06:20:04,2024-01-17 10:44:20,1977,60068,CDN77 ^_^,CH
89.187.165.120,2024-01-17 06:20:05,2024-01-17 10:44:27,1957,60068,CDN77 ^_^,CH
146.70.107.17,2024-01-17 06:20:06,2024-01-17 10:44:26,945,9009,M247,DE
146.70.107.21,2024-01-17 06:20:06,2024-01-17 10:44:28,969,9009,M247,DE
146.70.107.11,2024-01-17 06:20:06,2024-01-17 10:44:29,952,9009,M247,DE
146.70.107.9,2024-01-17 06:20:07,2024-01-17 10:44:29,1010,9009,M247,DE
146.70.107.15,2024-01-17 06:20:07,2024-01-17 10:44:29,951,9009,M247,DE
185.253.96.16,2024-01-17 06:20:07,2024-01-17 10:42:34,219,9009,M247,NL
185.253.96.37,2024-01-17 06:20:07,2024-01-17 10:44:20,233,9009,M247,NL
185.253.96.59,2024-01-17 06:20:07,2024-01-17 10:44:21,263,9009,M247,NL
146.70.107.3,2024-01-17 06:20:08,2024-01-17 10:44:29,1004,9009,M247,DE
185.253.96.14,2024-01-17 06:20:08,2024-01-17 10:44:18,226,9009,M247,NL
146.70.107.13,2024-01-17 06:20:08,2024-01-17 10:44:29,961,9009,M247,DE
185.253.96.35,2024-01-17 06:20:08,2024-01-17 10:44:18,261,9009,M247,NL
185.253.96.57,2024-01-17 06:20:08,2024-01-17 10:43:29,254,9009,M247,NL
185.253.96.36,2024-01-17 06:20:08,2024-01-17 11:18:18,280,9009,M247,NL
185.212.149.54,2024-01-17 06:20:08,2024-01-17 10:44:21,4480,51765,CREANOVA-AS Oy Creanova Hosting Solutions Ltd.,FI
185.253.96.12,2024-01-17 06:20:08,2024-01-17 11:18:19,287,9009,M247,NL
185.212.149.55,2024-01-17 06:20:08,2024-01-17 10:44:30,4441,51765,CREANOVA-AS Oy Creanova Hosting Solutions Ltd.,FI
185.212.149.53,2024-01-17 06:20:08,2024-01-17 10:44:25,4286,51765,CREANOVA-AS Oy Creanova Hosting Solutions Ltd.,FI
185.212.149.51,2024-01-17 06:20:08,2024-01-17 10:44:29,4624,51765,CREANOVA-AS Oy Creanova Hosting Solutions Ltd.,FI
89.149.39.150,2024-01-17 06:20:08,2024-01-17 08:03:10,14755,12310,INES Bucharest ROMANIA,GB
185.212.149.58,2024-01-17 06:20:08,2024-01-17 10:44:23,4433,51765,CREANOVA-AS Oy Creanova Hosting Solutions Ltd.,FI
185.212.149.56,2024-01-17 06:20:09,2024-01-17 10:44:30,4459,51765,CREANOVA-AS Oy Creanova Hosting Solutions Ltd.,FI
138.199.47.223,2024-01-17 06:20:09,2024-01-17 10:44:28,4921,212238,CDNEXT,FR
185.253.96.18,2024-01-17 06:20:10,2024-01-17 10:44:21,256,9009,M247,NL
146.70.107.27,2024-01-17 06:20:10,2024-01-17 10:44:29,982,9009,M247,DE
185.253.96.21,2024-01-17 06:20:10,2024-01-17 11:17:24,274,9009,M247,NL
185.253.96.54,2024-01-17 06:20:10,2024-01-17 11:17:28,251,9009,M247,NL
146.70.107.7,2024-01-17 06:20:10,2024-01-17 10:44:23,1007,9009,M247,DE
185.253.96.41,2024-01-17 06:20:10,2024-01-17 10:44:22,241,9009,M247,NL
185.253.96.56,2024-01-17 06:20:10,2024-01-17 11:18:19,235,9009,M247,NL
185.253.96.24,2024-01-17 06:20:10,2024-01-17 11:18:20,257,9009,M247,NL
185.253.96.19,2024-01-17 06:20:10,2024-01-17 10:44:21,262,9009,M247,NL
185.253.96.52,2024-01-17 06:20:10,2024-01-17 10:43:30,246,9009,M247,NL
185.253.96.49,2024-01-17 06:20:10,2024-01-17 10:43:25,228,9009,M247,NL
185.253.96.44,2024-01-17 06:20:10,2024-01-17 10:44:20,259,9009,M247,NL
185.253.96.28,2024-01-17 06:20:10,2024-01-17 10:44:20,223,9009,M247,NL
185.253.96.30,2024-01-17 06:20:10,2024-01-17 11:18:16,248,9009,M247,NL
185.253.96.33,2024-01-17 06:20:11,2024-01-17 10:43:29,231,9009,M247,NL
185.253.96.13,2024-01-17 06:20:11,2024-01-17 10:44:18,245,9009,M247,NL
146.70.107.29,2024-01-17 06:20:11,2024-01-17 10:44:27,968,9009,M247,DE
185.253.96.46,2024-01-17 06:20:11,2024-01-17 10:44:18,243,9009,M247,NL
185.253.96.20,2024-01-17 06:20:11,2024-01-17 10:44:21,251,9009,M247,NL
84.247.116.198,2024-01-17 06:20:11,2024-01-17 06:35:36,1715,12310,INES Bucharest ROMANIA,NL
146.70.107.4,2024-01-17 06:20:11,2024-01-17 10:44:26,995,9009,M247,DE
185.253.96.34,2024-01-17 06:20:11,2024-01-17 10:43:27,250,9009,M247,NL
193.161.204.30,2024-01-17 06:20:11,2024-01-17 10:44:31,6460,51765,CREANOVA-AS Oy Creanova Hosting Solutions Ltd.,FI
185.253.96.39,2024-01-17 06:20:11,2024-01-17 10:41:47,243,9009,M247,NL
185.253.96.10,2024-01-17 06:20:11,2024-01-17 11:16:37,264,9009,M247,NL
185.253.96.27,2024-01-17 06:20:11,2024-01-17 10:44:21,244,9009,M247,NL
146.70.107.25,2024-01-17 06:20:11,2024-01-17 10:44:23,986,9009,M247,DE
185.253.96.23,2024-01-17 06:20:11,2024-01-17 10:44:22,250,9009,M247,NL
185.253.96.31,2024-01-17 06:20:11,2024-01-17 11:18:18,276,9009,M247,NL
185.253.96.29,2024-01-17 06:20:11,2024-01-17 11:17:28,269,9009,M247,NL
185.253.96.6,2024-01-17 06:20:11,2024-01-17 11:18:18,236,9009,M247,NL
185.253.96.40,2024-01-17 06:20:12,2024-01-17 10:44:21,244,9009,M247,NL
212.102.63.113,2024-01-17 06:20:12,2024-01-17 10:44:26,4090,60068,CDN77 ^_^,GB
185.253.96.7,2024-01-17 06:20:12,2024-01-17 11:16:37,240,9009,M247,NL
185.253.96.58,2024-01-17 06:20:13,2024-01-17 10:43:29,269,9009,M247,NL
185.253.96.32,2024-01-17 06:20:13,2024-01-17 10:44:16,222,9009,M247,NL
185.253.96.50,2024-01-17 06:20:13,2024-01-17 10:44:21,260,9009,M247,NL
185.253.96.60,2024-01-17 06:20:13,2024-01-17 11:18:20,249,9009,M247,NL
185.212.149.50,2024-01-17 06:20:16,2024-01-17 10:44:25,4545,51765,CREANOVA-AS Oy Creanova Hosting Solutions Ltd.,FI
185.212.149.59,2024-01-17 06:20:16,2024-01-17 10:44:25,4329,51765,CREANOVA-AS Oy Creanova Hosting Solutions Ltd.,FI
146.70.101.62,2024-01-17 06:20:16,2024-01-17 10:44:31,1221,9009,M247,DE
146.70.101.35,2024-01-17 06:20:16,2024-01-17 10:44:06,1123,9009,M247,DE
146.70.101.48,2024-01-17 06:20:17,2024-01-17 10:44:12,1121,9009,M247,DE
146.70.101.36,2024-01-17 06:20:17,2024-01-17 10:44:29,1193,9009,M247,DE
146.70.101.49,2024-01-17 06:20:17,2024-01-17 10:44:31,1143,9009,M247,DE
146.70.101.58,2024-01-17 06:20:17,2024-01-17 10:43:43,1170,9009,M247,DE
146.70.101.60,2024-01-17 06:20:17,2024-01-17 10:44:23,1180,9009,M247,DE
146.70.101.50,2024-01-17 06:20:18,2024-01-17 10:44:29,1162,9009,M247,DE
146.70.101.42,2024-01-17 06:20:18,2024-01-17 10:44:05,1241,9009,M247,DE
146.70.101.52,2024-01-17 06:20:18,2024-01-17 10:44:24,1112,9009,M247,DE
146.70.101.59,2024-01-17 06:20:18,2024-01-17 10:44:30,1187,9009,M247,DE
146.70.101.53,2024-01-17 06:20:19,2024-01-17 10:44:23,1089,9009,M247,DE
146.70.101.37,2024-01-17 06:20:19,2024-01-17 10:44:04,1159,9009,M247,DE
146.70.101.61,2024-01-17 06:20:20,2024-01-17 10:44:31,1157,9009,M247,DE
45.133.172.231,2024-01-17 06:20:20,2024-01-17 10:44:29,33608,174,COGENT-174,GB
146.70.101.55,2024-01-17 06:20:21,2024-01-17 10:44:27,1155,9009,M247,DE
146.70.101.40,2024-01-17 06:20:23,2024-01-17 10:44:25,1148,9009,M247,DE
146.70.101.45,2024-01-17 06:20:23,2024-01-17 10:44:31,1098,9009,M247,DE
146.70.101.44,2024-01-17 06:20:24,2024-01-17 10:44:30,1176,9009,M247,DE
146.70.101.43,2024-01-17 06:20:24,2024-01-17 10:44:12,1161,9009,M247,DE
146.70.101.51,2024-01-17 06:20:24,2024-01-17 10:44:29,1130,9009,M247,DE
185.212.149.52,2024-01-17 06:20:24,2024-01-17 10:44:30,4321,51765,CREANOVA-AS Oy Creanova Hosting Solutions Ltd.,FI
146.70.101.56,2024-01-17 06:20:27,2024-01-17 10:44:07,1137,9009,M247,DE
146.70.101.57,2024-01-17 06:20:27,2024-01-17 10:44:27,1178,9009,M247,DE
45.88.97.9,2024-01-17 06:20:28,2024-01-17 06:28:22,687,174,COGENT-174,DE
146.70.101.38,2024-01-17 06:20:28,2024-01-17 10:44:29,1129,9009,M247,DE
146.70.101.54,2024-01-17 06:20:30,2024-01-17 10:44:28,1071,9009,M247,DE
146.70.101.41,2024-01-17 06:20:31,2024-01-17 10:44:27,1166,9009,M247,DE
185.212.149.57,2024-01-17 06:20:35,2024-01-17 10:44:30,4244,51765,CREANOVA-AS Oy Creanova Hosting Solutions Ltd.,FI
89.187.165.118,2024-01-17 06:20:37,2024-01-17 10:44:10,1926,60068,CDN77 ^_^,CH
89.149.39.11,2024-01-17 06:20:38,2024-01-17 10:44:29,30379,212238,CDNEXT,GB
89.187.165.102,2024-01-17 06:20:44,2024-01-17 10:44:26,1892,60068,CDN77 ^_^,CH
87.249.132.201,2024-01-17 06:20:46,2024-01-17 10:44:13,1491,212238,CDNEXT,DE
87.249.132.205,2024-01-17 06:20:46,2024-01-17 10:44:29,1547,212238,CDNEXT,DE
87.249.132.208,2024-01-17 06:20:46,2024-01-17 10:44:29,1476,212238,CDNEXT,DE
87.249.132.203,2024-01-17 06:20:47,2024-01-17 10:44:29,1553,212238,CDNEXT,DE
87.249.132.207,2024-01-17 06:20:47,2024-01-17 10:44:22,1513,212238,CDNEXT,DE
37.156.216.158,2024-01-17 06:20:47,2024-01-17 10:44:28,2257,62282,RACKRAY UAB Rakrejus,JP
87.249.132.197,2024-01-17 06:20:47,2024-01-17 10:44:18,1547,212238,CDNEXT,DE
37.156.216.157,2024-01-17 06:20:47,2024-01-17 10:44:28,2337,62282,RACKRAY UAB Rakrejus,JP
87.249.132.212,2024-01-17 06:20:47,2024-01-17 10:44:22,1541,212238,CDNEXT,DE
37.156.216.147,2024-01-17 06:20:47,2024-01-17 10:44:20,2498,62282,RACKRAY UAB Rakrejus,JP
87.249.132.211,2024-01-17 06:20:47,2024-01-17 10:44:27,1536,212238,CDNEXT,DE
212.102.35.24,2024-01-17 06:20:47,2024-01-17 10:44:30,20903,212238,CDNEXT,NL
37.156.216.155,2024-01-17 06:20:47,2024-01-17 10:44:15,2320,62282,RACKRAY UAB Rakrejus,JP
89.187.168.89,2024-01-17 06:20:47,2024-01-17 10:44:31,6214,60068,CDN77 ^_^,AT
154.47.19.132,2024-01-17 06:20:47,2024-01-17 10:44:31,29322,212238,CDNEXT,AT
89.187.168.79,2024-01-17 06:20:47,2024-01-17 10:44:29,6302,60068,CDN77 ^_^,AT
154.47.19.131,2024-01-17 06:20:47,2024-01-17 10:44:31,30696,212238,CDNEXT,AT
37.156.216.156,2024-01-17 06:20:47,2024-01-17 10:44:28,2377,62282,RACKRAY UAB Rakrejus,JP
89.187.168.74,2024-01-17 06:20:47,2024-01-17 10:44:26,6278,60068,CDN77 ^_^,AT
89.187.168.86,2024-01-17 06:20:47,2024-01-17 10:44:29,6469,60068,CDN77 ^_^,AT
37.156.216.149,2024-01-17 06:20:47,2024-01-17 10:44:29,2354,62282,RACKRAY UAB Rakrejus,JP
89.187.168.85,2024-01-17 06:20:47,2024-01-17 10:44:31,6252,60068,CDN77 ^_^,AT
154.47.19.130,2024-01-17 06:20:48,2024-01-17 10:44:31,31620,212238,CDNEXT,AT
89.187.168.91,2024-01-17 06:20:48,2024-01-17 10:44:28,6337,60068,CDN77 ^_^,AT
89.187.168.81,2024-01-17 06:20:48,2024-01-17 10:44:31,6340,60068,CDN77 ^_^,AT
89.187.165.115,2024-01-17 06:20:48,2024-01-17 10:44:26,1938,60068,CDN77 ^_^,CH
89.187.168.88,2024-01-17 06:20:48,2024-01-17 10:44:30,6409,60068,CDN77 ^_^,AT
89.187.168.70,2024-01-17 06:20:48,2024-01-17 10:44:27,6402,60068,CDN77 ^_^,AT
89.187.168.87,2024-01-17 06:20:49,2024-01-17 10:44:31,6533,60068,CDN77 ^_^,AT
89.187.168.69,2024-01-17 06:20:49,2024-01-17 10:44:30,6336,60068,CDN77 ^_^,AT
89.187.168.71,2024-01-17 06:20:49,2024-01-17 10:44:28,6471,60068,CDN77 ^_^,AT
89.187.168.83,2024-01-17 06:20:49,2024-01-17 10:44:31,6336,60068,CDN77 ^_^,AT
89.187.168.76,2024-01-17 06:20:49,2024-01-17 10:44:28,6473,60068,CDN77 ^_^,AT
149.102.245.73,2024-01-17 06:20:49,2024-01-17 10:44:26,5441,212238,CDNEXT,FR
149.102.245.68,2024-01-17 06:20:49,2024-01-17 10:44:28,5291,212238,CDNEXT,FR
149.102.245.69,2024-01-17 06:20:49,2024-01-17 10:44:27,5245,212238,CDNEXT,FR
149.102.245.72,2024-01-17 06:20:50,2024-01-17 10:44:26,5250,212238,CDNEXT,FR
149.102.245.74,2024-01-17 06:20:50,2024-01-17 10:44:27,5225,212238,CDNEXT,FR
89.187.168.90,2024-01-17 06:20:50,2024-01-17 10:44:31,6427,60068,CDN77 ^_^,AT
89.187.168.78,2024-01-17 06:20:51,2024-01-17 10:44:29,6452,60068,CDN77 ^_^,AT
37.156.216.150,2024-01-17 06:20:51,2024-01-17 10:44:28,2386,62282,RACKRAY UAB Rakrejus,JP
37.156.216.153,2024-01-17 06:20:51,2024-01-17 10:44:28,2288,62282,RACKRAY UAB Rakrejus,JP
181.215.176.51,2024-01-17 06:20:51,2024-01-17 09:39:46,23351,174,COGENT-174,GB
37.156.216.152,2024-01-17 06:20:51,2024-01-17 10:44:10,2305,62282,RACKRAY UAB Rakrejus,JP
84.247.116.92,2024-01-17 06:20:53,2024-01-17 07:57:28,10076,212238,CDNEXT,NL
87.249.132.202,2024-01-17 06:20:54,2024-01-17 10:44:26,1550,212238,CDNEXT,DE
87.249.132.206,2024-01-17 06:20:54,2024-01-17 10:44:22,1543,212238,CDNEXT,DE
87.249.132.215,2024-01-17 06:20:54,2024-01-17 10:44:27,1464,212238,CDNEXT,DE
87.249.132.218,2024-01-17 06:20:55,2024-01-17 10:44:18,1581,212238,CDNEXT,DE
149.102.245.75,2024-01-17 06:20:55,2024-01-17 10:44:27,5436,212238,CDNEXT,FR
89.187.168.84,2024-01-17 06:20:55,2024-01-17 10:44:30,6185,60068,CDN77 ^_^,AT
89.187.168.82,2024-01-17 06:20:56,2024-01-17 10:44:26,6501,60068,CDN77 ^_^,AT
84.17.46.14,2024-01-17 06:20:56,2024-01-17 10:44:14,545,60068,CDN77 ^_^,NL
84.17.46.15,2024-01-17 06:20:56,2024-01-17 10:39:22,571,60068,CDN77 ^_^,NL
89.187.168.75,2024-01-17 06:20:56,2024-01-17 10:44:29,6435,60068,CDN77 ^_^,AT
89.187.168.77,2024-01-17 06:20:56,2024-01-17 10:44:28,6217,60068,CDN77 ^_^,AT
84.17.46.5,2024-01-17 06:20:56,2024-01-17 10:44:14,553,60068,CDN77 ^_^,NL
84.17.46.21,2024-01-17 06:20:56,2024-01-17 10:44:05,556,60068,CDN77 ^_^,NL
84.17.46.18,2024-01-17 06:20:56,2024-01-17 10:44:21,536,60068,CDN77 ^_^,NL
89.187.168.73,2024-01-17 06:20:56,2024-01-17 10:44:29,6860,60068,CDN77 ^_^,AT
84.17.46.19,2024-01-17 06:20:57,2024-01-17 10:44:14,443,60068,CDN77 ^_^,NL
89.187.168.72,2024-01-17 06:20:57,2024-01-17 10:44:30,6585,60068,CDN77 ^_^,AT
146.70.101.47,2024-01-17 06:20:57,2024-01-17 10:44:24,1147,9009,M247,DE
146.70.101.46,2024-01-17 06:20:58,2024-01-17 10:44:29,1108,9009,M247,DE
37.156.216.151,2024-01-17 06:20:59,2024-01-17 10:44:23,2394,62282,RACKRAY UAB Rakrejus,JP
169.150.197.177,2024-01-17 06:21:00,2024-01-17 10:44:28,535,212238,CDNEXT,CH
169.150.197.178,2024-01-17 06:21:00,2024-01-17 10:43:30,601,212238,CDNEXT,CH
169.150.197.181,2024-01-17 06:21:00,2024-01-17 10:44:05,605,212238,CDNEXT,CH
169.150.197.165,2024-01-17 06:21:00,2024-01-17 10:44:21,567,212238,CDNEXT,CH
169.150.197.167,2024-01-17 06:21:00,2024-01-17 10:44:13,568,212238,CDNEXT,CH
149.102.245.71,2024-01-17 06:21:02,2024-01-17 10:44:28,5220,212238,CDNEXT,FR
87.249.132.204,2024-01-17 06:21:02,2024-01-17 10:44:26,1528,212238,CDNEXT,DE
87.249.132.214,2024-01-17 06:21:03,2024-01-17 10:44:22,1396,212238,CDNEXT,DE
84.17.46.10,2024-01-17 06:21:04,2024-01-17 10:44:23,551,60068,CDN77 ^_^,NL
84.17.46.16,2024-01-17 06:21:04,2024-01-17 10:44:14,536,60068,CDN77 ^_^,NL
84.17.46.11,2024-01-17 06:21:04,2024-01-17 10:44:05,598,60068,CDN77 ^_^,NL
89.187.168.80,2024-01-17 06:21:04,2024-01-17 10:44:29,6543,60068,CDN77 ^_^,AT
84.17.46.24,2024-01-17 06:21:04,2024-01-17 10:44:07,565,60068,CDN77 ^_^,NL
89.187.165.103,2024-01-17 06:21:04,2024-01-17 10:44:08,1923,60068,CDN77 ^_^,CH
84.17.46.27,2024-01-17 06:21:05,2024-01-17 10:44:23,557,60068,CDN77 ^_^,NL
146.70.222.10,2024-01-17 06:21:08,2024-01-17 10:44:24,1455,9009,M247,CZ
169.150.197.175,2024-01-17 06:21:08,2024-01-17 10:44:29,555,212238,CDNEXT,CH
146.70.222.6,2024-01-17 06:21:08,2024-01-17 10:44:16,1453,9009,M247,CZ
45.133.172.205,2024-01-17 06:21:08,2024-01-17 10:44:20,31346,174,COGENT-174,GB
169.150.197.169,2024-01-17 06:21:08,2024-01-17 10:44:21,560,212238,CDNEXT,CH
169.150.197.180,2024-01-17 06:21:09,2024-01-17 10:43:38,547,212238,CDNEXT,CH
169.150.197.172,2024-01-17 06:21:09,2024-01-17 10:44:13,517,212238,CDNEXT,CH
169.150.197.162,2024-01-17 06:21:09,2024-01-17 10:44:13,569,212238,CDNEXT,CH
169.150.197.173,2024-01-17 06:21:09,2024-01-17 10:44:21,509,212238,CDNEXT,CH
149.102.245.70,2024-01-17 06:21:10,2024-01-17 10:44:28,5425,212238,CDNEXT,FR
87.249.132.216,2024-01-17 06:21:12,2024-01-17 10:44:26,1557,212238,CDNEXT,DE
87.249.132.210,2024-01-17 06:21:13,2024-01-17 10:44:29,1496,212238,CDNEXT,DE
87.249.132.221,2024-01-17 06:21:13,2024-01-17 10:44:22,1466,212238,CDNEXT,DE
84.17.46.23,2024-01-17 06:21:13,2024-01-17 10:44:22,545,60068,CDN77 ^_^,NL
84.17.46.20,2024-01-17 06:21:13,2024-01-17 10:44:21,541,60068,CDN77 ^_^,NL
84.17.46.22,2024-01-17 06:21:13,2024-01-17 10:44:07,534,60068,CDN77 ^_^,NL
84.17.46.17,2024-01-17 06:21:13,2024-01-17 10:44:22,553,60068,CDN77 ^_^,NL
37.156.216.148,2024-01-17 06:21:15,2024-01-17 10:44:23,2548,62282,RACKRAY UAB Rakrejus,JP
89.187.165.106,2024-01-17 06:21:20,2024-01-17 10:44:26,1771,60068,CDN77 ^_^,CH
216.24.213.56,2024-01-17 06:21:22,2024-01-17 06:22:06,96,174,COGENT-174,DE
87.249.132.219,2024-01-17 06:21:23,2024-01-17 10:44:29,1573,212238,CDNEXT,DE
84.17.46.26,2024-01-17 06:21:23,2024-01-17 10:43:41,514,60068,CDN77 ^_^,NL
87.249.132.198,2024-01-17 06:21:23,2024-01-17 10:44:10,1581,212238,CDNEXT,DE
87.249.132.200,2024-01-17 06:21:23,2024-01-17 10:44:13,1604,212238,CDNEXT,DE
37.156.216.154,2024-01-17 06:21:23,2024-01-17 10:44:28,2324,62282,RACKRAY UAB Rakrejus,JP
84.17.46.7,2024-01-17 06:21:23,2024-01-17 10:44:14,486,60068,CDN77 ^_^,NL
84.17.46.9,2024-01-17 06:21:23,2024-01-17 10:44:22,531,60068,CDN77 ^_^,NL
181.215.176.62,2024-01-17 06:21:24,2024-01-17 10:44:29,30554,174,COGENT-174,GB
84.17.46.12,2024-01-17 06:21:24,2024-01-17 10:44:22,554,60068,CDN77 ^_^,NL
89.187.165.105,2024-01-17 06:21:24,2024-01-17 10:44:20,1852,60068,CDN77 ^_^,CH
169.150.197.171,2024-01-17 06:21:24,2024-01-17 10:44:29,562,212238,CDNEXT,CH
169.150.197.185,2024-01-17 06:21:24,2024-01-17 10:44:04,559,212238,CDNEXT,CH
169.150.197.182,2024-01-17 06:21:25,2024-01-17 10:44:20,581,212238,CDNEXT,CH
84.17.53.27,2024-01-17 06:21:25,2024-01-17 10:43:52,1879,60068,CDN77 ^_^,CH
84.17.53.9,2024-01-17 06:21:26,2024-01-17 10:44:07,1795,60068,CDN77 ^_^,CH
84.17.53.15,2024-01-17 06:21:26,2024-01-17 10:44:18,1881,60068,CDN77 ^_^,CH
84.17.53.13,2024-01-17 06:21:26,2024-01-17 10:44:19,1831,60068,CDN77 ^_^,CH
84.17.53.12,2024-01-17 06:21:26,2024-01-17 10:43:58,2015,60068,CDN77 ^_^,CH
84.17.53.18,2024-01-17 06:21:26,2024-01-17 10:44:00,1899,60068,CDN77 ^_^,CH
84.17.53.11,2024-01-17 06:21:26,2024-01-17 10:44:19,1842,60068,CDN77 ^_^,CH
84.17.53.23,2024-01-17 06:21:26,2024-01-17 10:43:58,1939,60068,CDN77 ^_^,CH
89.187.165.112,2024-01-17 06:21:29,2024-01-17 10:44:26,1827,60068,CDN77 ^_^,CH
84.17.46.8,2024-01-17 06:21:29,2024-01-17 10:44:05,539,60068,CDN77 ^_^,NL
84.17.46.13,2024-01-17 06:21:30,2024-01-17 10:44:07,521,60068,CDN77 ^_^,NL
84.17.42.39,2024-01-17 06:21:30,2024-01-17 10:44:31,2281,60068,CDN77 ^_^,FR
84.17.42.35,2024-01-17 06:21:31,2024-01-17 10:44:24,2402,60068,CDN77 ^_^,FR
84.17.42.52,2024-01-17 06:21:31,2024-01-17 10:44:25,2271,60068,CDN77 ^_^,FR
84.17.42.51,2024-01-17 06:21:31,2024-01-17 10:44:24,2304,60068,CDN77 ^_^,FR
84.17.42.58,2024-01-17 06:21:31,2024-01-17 10:44:31,2241,60068,CDN77 ^_^,FR
84.17.42.54,2024-01-17 06:21:31,2024-01-17 10:44:23,2271,60068,CDN77 ^_^,FR
84.17.46.6,2024-01-17 06:21:31,2024-01-17 10:44:14,507,60068,CDN77 ^_^,NL
84.17.42.34,2024-01-17 06:21:31,2024-01-17 10:44:26,2352,60068,CDN77 ^_^,FR
84.17.42.43,2024-01-17 06:21:31,2024-01-17 10:44:31,2275,60068,CDN77 ^_^,FR
169.150.197.174,2024-01-17 06:21:31,2024-01-17 10:44:13,575,212238,CDNEXT,CH
169.150.197.187,2024-01-17 06:21:32,2024-01-17 10:44:28,556,212238,CDNEXT,CH
169.150.197.166,2024-01-17 06:21:32,2024-01-17 10:44:29,558,212238,CDNEXT,CH
169.150.197.168,2024-01-17 06:21:32,2024-01-17 10:44:28,607,212238,CDNEXT,CH
84.17.53.20,2024-01-17 06:21:33,2024-01-17 10:44:19,1841,60068,CDN77 ^_^,CH
169.150.197.183,2024-01-17 06:21:33,2024-01-17 10:44:29,623,212238,CDNEXT,CH
169.150.197.176,2024-01-17 06:21:33,2024-01-17 10:44:28,592,212238,CDNEXT,CH
84.17.53.24,2024-01-17 06:21:33,2024-01-17 10:44:07,1907,60068,CDN77 ^_^,CH
84.17.53.17,2024-01-17 06:21:33,2024-01-17 10:43:56,1795,60068,CDN77 ^_^,CH
84.17.53.14,2024-01-17 06:21:33,2024-01-17 10:44:06,1804,60068,CDN77 ^_^,CH
84.17.42.48,2024-01-17 06:21:37,2024-01-17 10:44:31,2192,60068,CDN77 ^_^,FR
84.17.42.44,2024-01-17 06:21:37,2024-01-17 10:44:26,2343,60068,CDN77 ^_^,FR
84.17.42.42,2024-01-17 06:21:37,2024-01-17 10:44:25,2278,60068,CDN77 ^_^,FR
84.17.42.41,2024-01-17 06:21:37,2024-01-17 10:44:31,2197,60068,CDN77 ^_^,FR
84.17.42.38,2024-01-17 06:21:38,2024-01-17 10:44:31,2227,60068,CDN77 ^_^,FR
84.17.42.49,2024-01-17 06:21:38,2024-01-17 10:44:26,2324,60068,CDN77 ^_^,FR
84.17.42.45,2024-01-17 06:21:38,2024-01-17 10:44:26,2415,60068,CDN77 ^_^,FR
84.17.42.55,2024-01-17 06:21:38,2024-01-17 10:44:25,2412,60068,CDN77 ^_^,FR
84.17.42.57,2024-01-17 06:21:39,2024-01-17 10:44:31,2267,60068,CDN77 ^_^,FR
87.249.132.213,2024-01-17 06:21:40,2024-01-17 10:44:21,1535,212238,CDNEXT,DE
45.133.172.81,2024-01-17 06:21:40,2024-01-17 10:44:31,31324,174,COGENT-174,GB
87.249.132.222,2024-01-17 06:21:41,2024-01-17 10:44:22,1514,212238,CDNEXT,DE
84.17.46.25,2024-01-17 06:21:41,2024-01-17 10:44:06,541,60068,CDN77 ^_^,NL
169.150.197.184,2024-01-17 06:21:41,2024-01-17 10:43:49,565,212238,CDNEXT,CH
84.17.53.22,2024-01-17 06:21:41,2024-01-17 10:44:07,1844,60068,CDN77 ^_^,CH
84.17.53.16,2024-01-17 06:21:42,2024-01-17 10:44:18,1835,60068,CDN77 ^_^,CH
84.17.53.10,2024-01-17 06:21:42,2024-01-17 10:44:18,1906,60068,CDN77 ^_^,CH
84.17.53.7,2024-01-17 06:21:42,2024-01-17 10:43:43,1925,60068,CDN77 ^_^,CH
146.70.101.39,2024-01-17 06:21:43,2024-01-17 10:44:25,1088,9009,M247,DE
84.17.42.56,2024-01-17 06:21:45,2024-01-17 10:44:18,2320,60068,CDN77 ^_^,FR
84.17.42.53,2024-01-17 06:21:45,2024-01-17 10:44:25,2340,60068,CDN77 ^_^,FR
84.17.42.47,2024-01-17 06:21:46,2024-01-17 10:44:31,2286,60068,CDN77 ^_^,FR
87.249.132.199,2024-01-17 06:21:46,2024-01-17 10:44:29,1499,212238,CDNEXT,DE
87.249.132.220,2024-01-17 06:21:47,2024-01-17 10:44:29,1486,212238,CDNEXT,DE
87.249.132.217,2024-01-17 06:21:47,2024-01-17 10:44:29,1516,212238,CDNEXT,DE
84.17.42.50,2024-01-17 06:21:47,2024-01-17 10:44:23,2318,60068,CDN77 ^_^,FR
84.17.42.40,2024-01-17 06:21:47,2024-01-17 10:44:31,2327,60068,CDN77 ^_^,FR
84.17.53.8,2024-01-17 06:21:49,2024-01-17 10:44:18,1996,60068,CDN77 ^_^,CH
162.221.207.104,2024-01-17 06:21:49,2024-01-17 10:44:30,2241,11831,ESECUREDATA,CA
162.221.207.103,2024-01-17 06:21:50,2024-01-17 10:44:29,2231,11831,ESECUREDATA,CA
162.221.207.105,2024-01-17 06:21:50,2024-01-17 10:44:30,2273,11831,ESECUREDATA,CA
162.221.207.98,2024-01-17 06:21:50,2024-01-17 10:44:28,2237,11831,ESECUREDATA,CA
162.221.207.99,2024-01-17 06:21:50,2024-01-17 10:44:30,2183,11831,ESECUREDATA,CA
162.221.207.100,2024-01-17 06:21:50,2024-01-17 10:44:29,2298,11831,ESECUREDATA,CA
162.221.207.106,2024-01-17 06:21:50,2024-01-17 10:44:29,2234,11831,ESECUREDATA,CA
169.150.197.170,2024-01-17 06:21:52,2024-01-17 10:43:54,570,212238,CDNEXT,CH
84.17.42.59,2024-01-17 06:21:54,2024-01-17 10:44:25,2220,60068,CDN77 ^_^,FR
87.249.132.209,2024-01-17 06:21:54,2024-01-17 10:44:11,1414,212238,CDNEXT,DE
84.17.53.25,2024-01-17 06:21:55,2024-01-17 10:43:58,1863,60068,CDN77 ^_^,CH
84.17.53.21,2024-01-17 06:21:55,2024-01-17 10:44:07,1820,60068,CDN77 ^_^,CH
45.133.172.248,2024-01-17 06:21:56,2024-01-17 10:44:29,21758,174,COGENT-174,GB
169.150.197.186,2024-01-17 06:21:56,2024-01-17 10:43:57,607,212238,CDNEXT,CH
169.150.197.164,2024-01-17 06:21:56,2024-01-17 10:43:54,539,212238,CDNEXT,CH
84.17.53.19,2024-01-17 06:21:58,2024-01-17 10:44:07,1861,60068,CDN77 ^_^,CH
169.150.197.179,2024-01-17 06:22:04,2024-01-17 10:44:20,573,212238,CDNEXT,CH
217.138.216.246,2024-01-17 06:22:08,2024-01-17 06:27:05,672,9009,M247,DE
84.17.53.6,2024-01-17 06:22:11,2024-01-17 10:44:07,1876,60068,CDN77 ^_^,CH
84.17.53.5,2024-01-17 06:22:14,2024-01-17 10:44:07,1840,60068,CDN77 ^_^,CH
216.24.213.7,2024-01-17 06:22:14,2024-01-17 06:24:12,304,174,COGENT-174,DE
169.150.197.163,2024-01-17 06:22:16,2024-01-17 10:44:04,586,212238,CDNEXT,CH
84.17.53.26,2024-01-17 06:22:18,2024-01-17 10:44:00,1909,60068,CDN77 ^_^,CH
84.17.42.36,2024-01-17 06:22:21,2024-01-17 10:44:31,2310,60068,CDN77 ^_^,FR
84.17.42.46,2024-01-17 06:22:22,2024-01-17 10:44:24,2269,60068,CDN77 ^_^,FR
84.17.42.12,2024-01-17 06:22:32,2024-01-17 10:44:26,1776,60068,CDN77 ^_^,FR
84.17.42.8,2024-01-17 06:22:32,2024-01-17 10:44:07,1909,60068,CDN77 ^_^,FR
84.17.42.10,2024-01-17 06:22:32,2024-01-17 10:44:18,1884,60068,CDN77 ^_^,FR
84.17.42.24,2024-01-17 06:22:32,2024-01-17 10:44:26,1900,60068,CDN77 ^_^,FR
84.17.42.26,2024-01-17 06:22:32,2024-01-17 10:44:18,1870,60068,CDN77 ^_^,FR
84.17.42.27,2024-01-17 06:22:32,2024-01-17 10:43:52,1836,60068,CDN77 ^_^,FR
84.17.42.17,2024-01-17 06:22:32,2024-01-17 10:44:26,1937,60068,CDN77 ^_^,FR
84.17.42.20,2024-01-17 06:22:32,2024-01-17 10:44:18,1855,60068,CDN77 ^_^,FR
185.246.210.8,2024-01-17 06:22:33,2024-01-17 10:43:50,576,60068,CDN77 ^_^,CZ
185.246.210.12,2024-01-17 06:22:33,2024-01-17 10:44:07,591,60068,CDN77 ^_^,CZ
185.246.210.20,2024-01-17 06:22:33,2024-01-17 10:44:00,596,60068,CDN77 ^_^,CZ
185.246.210.7,2024-01-17 06:22:33,2024-01-17 10:44:24,569,60068,CDN77 ^_^,CZ
185.246.210.24,2024-01-17 06:22:34,2024-01-17 10:44:17,585,60068,CDN77 ^_^,CZ
185.246.210.9,2024-01-17 06:22:34,2024-01-17 10:44:16,550,60068,CDN77 ^_^,CZ
45.133.172.224,2024-01-17 06:22:34,2024-01-17 08:06:03,16199,174,COGENT-174,GB
84.17.42.16,2024-01-17 06:22:40,2024-01-17 10:44:02,1756,60068,CDN77 ^_^,FR
84.17.42.25,2024-01-17 06:22:40,2024-01-17 10:44:06,1901,60068,CDN77 ^_^,FR
84.17.42.6,2024-01-17 06:22:40,2024-01-17 10:43:59,1721,60068,CDN77 ^_^,FR
84.17.42.5,2024-01-17 06:22:40,2024-01-17 10:44:26,1823,60068,CDN77 ^_^,FR
84.17.42.13,2024-01-17 06:22:40,2024-01-17 10:44:11,1834,60068,CDN77 ^_^,FR
84.17.42.11,2024-01-17 06:22:41,2024-01-17 10:44:10,1825,60068,CDN77 ^_^,FR
146.70.107.14,2024-01-17 06:22:42,2024-01-17 10:44:27,965,9009,M247,DE
146.70.107.30,2024-01-17 06:22:43,2024-01-17 10:44:26,960,9009,M247,DE
185.246.210.15,2024-01-17 06:22:46,2024-01-17 10:44:00,539,60068,CDN77 ^_^,CZ
185.246.210.27,2024-01-17 06:22:46,2024-01-17 10:44:24,614,60068,CDN77 ^_^,CZ
185.246.210.13,2024-01-17 06:22:46,2024-01-17 10:44:16,608,60068,CDN77 ^_^,CZ
185.246.210.14,2024-01-17 06:22:46,2024-01-17 10:43:10,601,60068,CDN77 ^_^,CZ
185.246.210.19,2024-01-17 06:22:46,2024-01-17 10:43:49,601,60068,CDN77 ^_^,CZ
146.70.107.19,2024-01-17 06:22:48,2024-01-17 10:44:28,981,9009,M247,DE
84.17.42.21,2024-01-17 06:22:48,2024-01-17 10:44:18,1937,60068,CDN77 ^_^,FR
84.17.42.19,2024-01-17 06:22:48,2024-01-17 10:44:27,1790,60068,CDN77 ^_^,FR
84.17.42.18,2024-01-17 06:22:48,2024-01-17 10:44:00,1925,60068,CDN77 ^_^,FR
84.17.42.14,2024-01-17 06:22:48,2024-01-17 10:44:26,1887,60068,CDN77 ^_^,FR
45.88.97.11,2024-01-17 06:22:51,2024-01-17 06:24:43,309,174,COGENT-174,DE
185.246.210.26,2024-01-17 06:22:53,2024-01-17 10:44:25,585,60068,CDN77 ^_^,CZ
185.246.210.16,2024-01-17 06:22:53,2024-01-17 10:44:25,561,60068,CDN77 ^_^,CZ
185.246.210.25,2024-01-17 06:22:53,2024-01-17 10:44:00,601,60068,CDN77 ^_^,CZ
185.246.210.5,2024-01-17 06:22:53,2024-01-17 10:44:08,592,60068,CDN77 ^_^,CZ
185.246.210.22,2024-01-17 06:22:53,2024-01-17 10:44:24,641,60068,CDN77 ^_^,CZ
84.17.42.23,2024-01-17 06:22:56,2024-01-17 10:44:26,1838,60068,CDN77 ^_^,FR
84.17.42.7,2024-01-17 06:22:57,2024-01-17 10:43:31,1910,60068,CDN77 ^_^,FR
185.246.210.6,2024-01-17 06:23:01,2024-01-17 10:42:58,619,60068,CDN77 ^_^,CZ
185.246.210.23,2024-01-17 06:23:02,2024-01-17 10:43:50,616,60068,CDN77 ^_^,CZ
84.17.42.22,2024-01-17 06:23:04,2024-01-17 10:43:51,1782,60068,CDN77 ^_^,FR
185.246.210.17,2024-01-17 06:23:11,2024-01-17 10:44:24,634,60068,CDN77 ^_^,CZ
84.17.42.9,2024-01-17 06:23:12,2024-01-17 10:44:10,1866,60068,CDN77 ^_^,FR
185.246.210.10,2024-01-17 06:23:13,2024-01-17 10:44:07,582,60068,CDN77 ^_^,CZ
185.246.210.18,2024-01-17 06:23:13,2024-01-17 10:44:08,589,60068,CDN77 ^_^,CZ
185.246.210.11,2024-01-17 06:23:13,2024-01-17 10:44:17,575,60068,CDN77 ^_^,CZ
45.88.97.38,2024-01-17 06:23:16,2024-01-17 06:26:38,40,174,COGENT-174,DE
185.246.210.21,2024-01-17 06:23:20,2024-01-17 10:44:08,652,60068,CDN77 ^_^,CZ
149.40.61.216,2024-01-17 06:23:22,2024-01-17 10:43:13,602,212238,CDNEXT,CZ
149.40.61.219,2024-01-17 06:23:22,2024-01-17 10:43:13,572,212238,CDNEXT,CZ
149.40.61.206,2024-01-17 06:23:22,2024-01-17 10:43:13,599,212238,CDNEXT,CZ
149.40.61.213,2024-01-17 06:23:22,2024-01-17 10:42:58,597,212238,CDNEXT,CZ
149.40.61.210,2024-01-17 06:23:22,2024-01-17 10:43:14,588,212238,CDNEXT,CZ
149.40.61.200,2024-01-17 06:23:22,2024-01-17 10:42:39,586,212238,CDNEXT,CZ
149.40.61.211,2024-01-17 06:23:22,2024-01-17 10:43:05,594,212238,CDNEXT,CZ
84.17.42.15,2024-01-17 06:23:24,2024-01-17 10:44:26,1865,60068,CDN77 ^_^,FR
149.40.61.199,2024-01-17 06:23:29,2024-01-17 10:43:02,580,212238,CDNEXT,CZ
149.40.61.217,2024-01-17 06:23:30,2024-01-17 10:43:06,563,212238,CDNEXT,CZ
149.40.61.215,2024-01-17 06:23:30,2024-01-17 10:42:57,572,212238,CDNEXT,CZ
149.40.61.197,2024-01-17 06:23:30,2024-01-17 10:43:13,602,212238,CDNEXT,CZ
149.40.61.208,2024-01-17 06:23:33,2024-01-17 10:42:57,570,212238,CDNEXT,CZ
149.40.61.209,2024-01-17 06:23:39,2024-01-17 10:43:02,576,212238,CDNEXT,CZ
149.40.61.212,2024-01-17 06:23:39,2024-01-17 10:43:06,588,212238,CDNEXT,CZ
149.40.61.207,2024-01-17 06:23:39,2024-01-17 10:43:13,589,212238,CDNEXT,CZ
149.40.61.196,2024-01-17 06:23:39,2024-01-17 10:43:03,563,212238,CDNEXT,CZ
45.88.97.28,2024-01-17 06:23:45,2024-01-17 06:28:29,822,174,COGENT-174,DE
149.40.61.218,2024-01-17 06:23:47,2024-01-17 10:43:13,620,212238,CDNEXT,CZ
149.40.61.202,2024-01-17 06:23:47,2024-01-17 10:42:54,601,212238,CDNEXT,CZ
149.40.61.205,2024-01-17 06:23:48,2024-01-17 10:43:13,553,212238,CDNEXT,CZ
185.253.96.51,2024-01-17 06:23:54,2024-01-17 10:44:17,222,9009,M247,NL
185.253.96.25,2024-01-17 06:23:54,2024-01-17 10:43:29,220,9009,M247,NL
185.253.96.43,2024-01-17 06:23:54,2024-01-17 11:18:16,240,9009,M247,NL
185.253.96.42,2024-01-17 06:23:54,2024-01-17 10:42:36,238,9009,M247,NL
149.40.61.204,2024-01-17 06:23:54,2024-01-17 10:43:05,595,212238,CDNEXT,CZ
149.40.61.203,2024-01-17 06:23:54,2024-01-17 10:43:03,568,212238,CDNEXT,CZ
185.253.96.61,2024-01-17 06:23:55,2024-01-17 10:43:29,258,9009,M247,NL
185.253.96.22,2024-01-17 06:23:55,2024-01-17 11:16:35,252,9009,M247,NL
185.253.96.17,2024-01-17 06:23:55,2024-01-17 10:38:18,221,9009,M247,NL
185.253.96.9,2024-01-17 06:23:56,2024-01-17 11:17:22,246,9009,M247,NL
185.253.96.55,2024-01-17 06:23:56,2024-01-17 10:44:20,252,9009,M247,NL
185.253.96.38,2024-01-17 06:23:56,2024-01-17 10:43:30,238,9009,M247,NL
45.88.97.24,2024-01-17 06:24:05,2024-01-17 09:35:19,19232,174,COGENT-174,DE
149.40.61.201,2024-01-17 06:24:18,2024-01-17 10:43:06,694,212238,CDNEXT,CZ
149.40.61.198,2024-01-17 06:24:21,2024-01-17 10:43:06,590,212238,CDNEXT,CZ
149.40.61.214,2024-01-17 06:24:28,2024-01-17 10:42:40,600,212238,CDNEXT,CZ
185.253.96.53,2024-01-17 06:24:46,2024-01-17 11:16:34,242,9009,M247,NL
185.253.96.45,2024-01-17 06:24:46,2024-01-17 10:44:18,237,9009,M247,NL
185.253.96.62,2024-01-17 06:24:46,2024-01-17 10:43:29,231,9009,M247,NL
212.102.39.144,2024-01-17 06:24:46,2024-01-17 09:32:18,20947,212238,CDNEXT,CZ
185.253.96.48,2024-01-17 06:24:47,2024-01-17 10:43:30,233,9009,M247,NL
185.253.96.47,2024-01-17 06:24:47,2024-01-17 10:43:25,227,9009,M247,NL
185.253.96.11,2024-01-17 06:24:49,2024-01-17 11:18:19,256,9009,M247,NL
185.253.96.26,2024-01-17 06:24:49,2024-01-17 11:15:45,250,9009,M247,NL
216.24.216.234,2024-01-17 06:24:55,2024-01-17 09:33:05,19935,174,COGENT-174,DE
216.24.216.221,2024-01-17 06:25:30,2024-01-17 06:47:49,2681,174,COGENT-174,DE
212.102.57.141,2024-01-17 06:25:49,2024-01-17 06:28:46,472,212238,CDNEXT,DE
185.253.96.8,2024-01-17 06:26:34,2024-01-17 10:43:29,263,9009,M247,NL
217.138.216.230,2024-01-17 06:27:07,2024-01-17 06:28:45,74,9009,M247,DE
185.253.96.15,2024-01-17 06:27:27,2024-01-17 11:18:19,244,9009,M247,NL
45.88.97.34,2024-01-17 06:27:43,2024-01-17 06:37:54,960,174,COGENT-174,DE
212.102.57.155,2024-01-17 06:28:04,2024-01-17 06:38:10,976,212238,CDNEXT,DE
89.149.37.89,2024-01-17 06:28:07,2024-01-17 09:36:13,18764,12310,INES Bucharest ROMANIA,DE
195.78.54.67,2024-01-17 06:28:32,2024-01-17 06:37:15,680,174,COGENT-174,NL
212.102.39.132,2024-01-17 06:29:04,2024-01-17 06:37:06,247,212238,CDNEXT,CZ
45.88.97.43,2024-01-17 06:29:20,2024-01-17 06:38:20,870,174,COGENT-174,DE
216.24.213.19,2024-01-17 06:29:31,2024-01-17 06:38:36,736,174,COGENT-174,DE
45.88.97.42,2024-01-17 06:30:24,2024-01-17 06:48:22,1896,174,COGENT-174,DE
89.149.37.24,2024-01-17 06:30:51,2024-01-17 06:32:29,224,212238,CDNEXT,DE
212.102.39.96,2024-01-17 06:30:51,2024-01-17 06:33:39,96,212238,CDNEXT,CZ
89.36.76.52,2024-01-17 06:32:32,2024-01-17 06:36:56,557,9009,M247,DE
212.102.39.139,2024-01-17 06:35:16,2024-01-17 09:34:50,18395,212238,CDNEXT,CZ
79.142.79.39,2024-01-17 06:35:29,2024-01-17 10:44:29,25060,51430,ALTUS,CH
212.102.39.85,2024-01-17 06:35:41,2024-01-17 07:33:12,5824,212238,CDNEXT,CZ
212.102.39.76,2024-01-17 06:36:34,2024-01-17 09:36:31,19810,212238,CDNEXT,CZ
191.101.157.242,2024-01-17 06:37:12,2024-01-17 07:17:49,3740,174,COGENT-174,DE
191.101.157.250,2024-01-17 06:37:33,2024-01-17 07:55:34,8033,174,COGENT-174,DE
191.101.157.89,2024-01-17 06:37:44,2024-01-17 06:47:08,1240,174,COGENT-174,DE
191.101.157.80,2024-01-17 06:38:01,2024-01-17 07:56:08,8344,174,COGENT-174,DE
156.146.62.149,2024-01-17 06:38:32,2024-01-17 06:48:28,1368,212238,CDNEXT,CH
89.149.38.160,2024-01-17 06:38:40,2024-01-17 10:44:28,25226,212238,CDNEXT,CH
156.146.62.42,2024-01-17 06:40:50,2024-01-17 08:57:34,952,212238,CDNEXT,CH
191.101.157.37,2024-01-17 06:41:07,2024-01-17 07:44:05,6412,174,COGENT-174,DE
191.101.157.226,2024-01-17 06:42:22,2024-01-17 07:19:02,4762,174,COGENT-174,DE
169.150.197.53,2024-01-17 06:42:40,2024-01-17 09:02:34,873,212238,CDNEXT,CH
181.214.218.44,2024-01-17 06:43:55,2024-01-17 07:12:28,16,174,COGENT-174,BE
169.150.197.5,2024-01-17 06:47:40,2024-01-17 09:03:07,468,212238,CDNEXT,CH
191.101.157.126,2024-01-17 06:47:44,2024-01-17 07:03:03,1344,174,COGENT-174,DE
89.149.37.54,2024-01-17 06:48:39,2024-01-17 09:34:35,17414,212238,CDNEXT,DE
89.149.37.142,2024-01-17 06:49:31,2024-01-17 07:11:17,1416,12310,INES Bucharest ROMANIA,DE
212.102.36.235,2024-01-17 06:53:14,2024-01-17 09:12:26,541,60068,CDN77 ^_^,CH
89.37.173.42,2024-01-17 06:57:40,2024-01-17 09:17:38,1154,25369,BANDWIDTH-AS,CH
5.180.138.98,2024-01-17 06:58:57,2024-01-17 06:58:58,8,9009,M247,RU
37.120.236.82,2024-01-17 07:01:37,2024-01-17 07:32:51,1374,9009,M247,BE
156.146.62.35,2024-01-17 07:02:40,2024-01-17 09:19:07,393,212238,CDNEXT,CH
191.101.157.21,2024-01-17 07:03:55,2024-01-17 07:23:25,1552,174,COGENT-174,DE
89.37.173.46,2024-01-17 07:07:45,2024-01-17 09:27:38,236,25369,BANDWIDTH-AS,CH
45.88.97.242,2024-01-17 07:11:45,2024-01-17 09:33:13,13248,174,COGENT-174,DE
212.102.39.134,2024-01-17 07:13:31,2024-01-17 09:34:34,14617,212238,CDNEXT,CZ
89.37.173.36,2024-01-17 07:13:48,2024-01-17 09:32:28,1287,25369,BANDWIDTH-AS,CH
84.17.59.81,2024-01-17 07:14:55,2024-01-17 10:44:25,445,60068,CDN77 ^_^,IT
84.17.59.84,2024-01-17 07:14:55,2024-01-17 10:44:05,471,60068,CDN77 ^_^,IT
84.17.59.74,2024-01-17 07:14:56,2024-01-17 10:44:16,414,60068,CDN77 ^_^,IT
84.17.59.83,2024-01-17 07:14:56,2024-01-17 10:44:14,499,60068,CDN77 ^_^,IT
84.17.59.82,2024-01-17 07:14:56,2024-01-17 10:44:16,494,60068,CDN77 ^_^,IT
84.17.59.90,2024-01-17 07:14:56,2024-01-17 10:44:16,498,60068,CDN77 ^_^,IT
84.17.59.70,2024-01-17 07:14:56,2024-01-17 10:44:24,390,60068,CDN77 ^_^,IT
84.17.59.76,2024-01-17 07:15:07,2024-01-17 10:43:41,440,60068,CDN77 ^_^,IT
84.17.59.91,2024-01-17 07:15:08,2024-01-17 10:44:08,468,60068,CDN77 ^_^,IT
84.17.59.72,2024-01-17 07:15:08,2024-01-17 10:43:41,484,60068,CDN77 ^_^,IT
216.24.213.8,2024-01-17 07:15:12,2024-01-17 09:33:53,14152,174,COGENT-174,DE
84.17.59.85,2024-01-17 07:15:16,2024-01-17 10:44:16,500,60068,CDN77 ^_^,IT
84.17.59.71,2024-01-17 07:15:16,2024-01-17 10:44:25,481,60068,CDN77 ^_^,IT
84.17.59.89,2024-01-17 07:15:16,2024-01-17 10:44:16,443,60068,CDN77 ^_^,IT
84.17.59.79,2024-01-17 07:15:16,2024-01-17 10:43:57,441,60068,CDN77 ^_^,IT
84.17.59.87,2024-01-17 07:15:28,2024-01-17 10:44:24,460,60068,CDN77 ^_^,IT
84.17.59.86,2024-01-17 07:15:28,2024-01-17 10:44:24,461,60068,CDN77 ^_^,IT
84.17.59.73,2024-01-17 07:15:43,2024-01-17 10:44:14,474,60068,CDN77 ^_^,IT
84.17.59.80,2024-01-17 07:15:47,2024-01-17 10:44:08,471,60068,CDN77 ^_^,IT
84.17.59.69,2024-01-17 07:15:47,2024-01-17 10:44:08,446,60068,CDN77 ^_^,IT
84.17.59.75,2024-01-17 07:15:48,2024-01-17 10:44:24,469,60068,CDN77 ^_^,IT
84.17.59.77,2024-01-17 07:15:52,2024-01-17 10:44:24,466,60068,CDN77 ^_^,IT
84.17.59.88,2024-01-17 07:16:15,2024-01-17 10:44:25,458,60068,CDN77 ^_^,IT
84.17.59.78,2024-01-17 07:16:22,2024-01-17 10:43:50,465,60068,CDN77 ^_^,IT
45.88.97.223,2024-01-17 07:17:19,2024-01-17 07:58:06,1360,174,COGENT-174,DE
156.146.62.52,2024-01-17 07:17:40,2024-01-17 08:46:47,188,212238,CDNEXT,CH
212.102.57.207,2024-01-17 07:17:56,2024-01-17 07:56:28,2826,212238,CDNEXT,DE
156.146.62.55,2024-01-17 07:18:03,2024-01-17 10:11:19,983,212238,CDNEXT,CH
212.102.39.82,2024-01-17 07:20:19,2024-01-17 07:20:54,57,212238,CDNEXT,CZ
216.24.216.248,2024-01-17 07:20:55,2024-01-17 07:22:17,53,174,COGENT-174,DE
89.149.38.82,2024-01-17 07:22:26,2024-01-17 10:43:46,2919,212238,CDNEXT,CH
84.17.53.228,2024-01-17 07:22:44,2024-01-17 09:42:39,78,60068,CDN77 ^_^,CH
191.101.157.81,2024-01-17 07:25:44,2024-01-17 07:55:48,2639,174,COGENT-174,DE
169.150.197.82,2024-01-17 07:27:46,2024-01-17 08:51:26,8674,212238,CDNEXT,CH
89.37.173.28,2024-01-17 07:30:18,2024-01-17 09:47:39,944,25369,BANDWIDTH-AS,CH
146.70.92.66,2024-01-17 07:32:33,2024-01-17 09:06:12,207,9009,M247,DK
86.106.158.112,2024-01-17 07:32:50,2024-01-17 09:51:18,949,25369,BANDWIDTH-AS,CH
212.102.39.69,2024-01-17 07:33:36,2024-01-17 08:47:16,700,212238,CDNEXT,CZ
212.102.39.152,2024-01-17 07:34:45,2024-01-17 07:35:07,80,212238,CDNEXT,CZ
84.17.53.224,2024-01-17 07:37:56,2024-01-17 09:53:48,113,60068,CDN77 ^_^,CH
195.242.213.82,2024-01-17 07:39:35,2024-01-17 08:18:43,1454,9009,M247,CH
212.102.39.131,2024-01-17 07:44:28,2024-01-17 09:38:28,1513,212238,CDNEXT,CZ
191.101.157.76,2024-01-17 07:44:40,2024-01-17 07:50:13,866,174,COGENT-174,DE
84.17.53.87,2024-01-17 07:46:48,2024-01-17 10:02:40,672,60068,CDN77 ^_^,CH
89.37.173.50,2024-01-17 07:47:41,2024-01-17 10:07:07,1068,25369,BANDWIDTH-AS,CH
212.102.39.80,2024-01-17 07:50:39,2024-01-17 08:09:03,2215,212238,CDNEXT,CZ
191.101.157.63,2024-01-17 07:50:49,2024-01-17 07:54:44,601,174,COGENT-174,DE
89.149.38.65,2024-01-17 07:55:41,2024-01-17 09:51:17,3932,12310,INES Bucharest ROMANIA,CH
138.199.18.141,2024-01-17 07:55:53,2024-01-17 09:32:51,9614,212238,CDNEXT,DE
45.88.97.231,2024-01-17 07:56:12,2024-01-17 07:56:13,9,174,COGENT-174,DE
191.101.157.66,2024-01-17 07:57:48,2024-01-17 10:44:29,15438,174,COGENT-174,DE
45.88.97.54,2024-01-17 07:58:02,2024-01-17 08:09:03,1663,174,COGENT-174,DE
89.149.38.5,2024-01-17 07:59:08,2024-01-17 10:43:51,5104,12310,INES Bucharest ROMANIA,CH
156.146.62.136,2024-01-17 07:59:50,2024-01-17 10:41:06,13578,212238,CDNEXT,CH
89.37.173.32,2024-01-17 08:03:18,2024-01-17 08:07:39,563,25369,BANDWIDTH-AS,CH
191.101.157.183,2024-01-17 08:03:23,2024-01-17 10:44:24,26031,174,COGENT-174,DE
191.101.157.88,2024-01-17 08:06:48,2024-01-17 10:44:28,25414,174,COGENT-174,DE
89.149.37.45,2024-01-17 08:07:11,2024-01-17 10:44:28,25359,212238,CDNEXT,DE
84.17.53.209,2024-01-17 08:07:41,2024-01-17 08:12:17,554,60068,CDN77 ^_^,CH
212.102.57.7,2024-01-17 08:07:58,2024-01-17 10:44:15,4919,212238,CDNEXT,DE
212.102.39.90,2024-01-17 08:09:27,2024-01-17 08:37:56,3080,212238,CDNEXT,CZ
216.24.216.250,2024-01-17 08:12:42,2024-01-17 08:33:59,2435,174,COGENT-174,DE
188.241.120.122,2024-01-17 08:12:43,2024-01-17 08:14:42,15,25369,BANDWIDTH-AS,CH
146.70.92.67,2024-01-17 08:18:17,2024-01-17 10:05:20,2525,9009,M247,DK
169.150.197.57,2024-01-17 08:19:48,2024-01-17 08:22:40,416,212238,CDNEXT,CH
79.142.79.53,2024-01-17 08:21:34,2024-01-17 10:41:56,14919,51430,ALTUS,CH
89.37.173.20,2024-01-17 08:22:41,2024-01-17 08:27:40,642,25369,BANDWIDTH-AS,CH
84.17.53.220,2024-01-17 08:27:40,2024-01-17 08:32:40,121,60068,CDN77 ^_^,CH
216.24.216.244,2024-01-17 08:34:32,2024-01-17 08:42:21,593,174,COGENT-174,DE
156.146.62.47,2024-01-17 08:36:17,2024-01-17 08:37:39,240,212238,CDNEXT,CH
89.37.173.52,2024-01-17 08:37:59,2024-01-17 08:42:40,574,25369,BANDWIDTH-AS,CH
212.102.39.218,2024-01-17 08:38:54,2024-01-17 08:40:08,243,212238,CDNEXT,CZ
212.102.39.155,2024-01-17 08:41:14,2024-01-17 08:42:20,212,212238,CDNEXT,CZ
216.24.213.10,2024-01-17 08:42:53,2024-01-17 08:47:17,656,174,COGENT-174,DE
146.70.92.68,2024-01-17 08:47:03,2024-01-17 08:58:16,421,9009,M247,DK
212.102.39.87,2024-01-17 08:47:43,2024-01-17 09:00:25,1320,212238,CDNEXT,CZ
89.149.37.178,2024-01-17 08:47:51,2024-01-17 09:22:41,3606,12310,INES Bucharest ROMANIA,DE
191.96.227.191,2024-01-17 08:54:44,2024-01-17 09:44:46,245,174,COGENT-174,US
89.149.38.199,2024-01-17 08:56:11,2024-01-17 09:08:57,1405,212238,CDNEXT,CH
212.102.39.205,2024-01-17 09:02:24,2024-01-17 09:10:51,693,212238,CDNEXT,CZ
212.102.39.202,2024-01-17 09:11:43,2024-01-17 09:23:54,906,212238,CDNEXT,CZ
82.102.24.155,2024-01-17 09:13:19,2024-01-17 10:08:32,982,9009,M247,CH
89.149.38.43,2024-01-17 09:13:56,2024-01-17 09:44:36,3333,212238,CDNEXT,CH
216.24.216.245,2024-01-17 09:26:00,2024-01-17 09:37:09,1421,174,COGENT-174,DE
89.149.38.145,2024-01-17 09:32:22,2024-01-17 11:36:46,12600,212238,CDNEXT,CH
79.142.79.77,2024-01-17 09:33:12,2024-01-17 10:42:12,6680,51430,ALTUS,CH
156.146.62.152,2024-01-17 09:33:19,2024-01-17 10:44:28,7164,212238,CDNEXT,CH
154.47.21.177,2024-01-17 09:33:28,2024-01-17 09:33:39,25,212238,CDNEXT,NL
79.142.79.41,2024-01-17 09:33:42,2024-01-17 10:44:27,7068,51430,ALTUS,CH
89.149.38.144,2024-01-17 09:33:58,2024-01-17 11:35:32,11721,12310,INES Bucharest ROMANIA,CH
89.149.38.165,2024-01-17 09:34:38,2024-01-17 09:44:25,1240,12310,INES Bucharest ROMANIA,CH
79.142.79.47,2024-01-17 09:34:55,2024-01-17 10:44:09,6346,51430,ALTUS,CH
89.149.38.66,2024-01-17 09:35:26,2024-01-17 11:35:19,11575,12310,INES Bucharest ROMANIA,CH
139.28.177.74,2024-01-17 09:36:10,2024-01-17 09:57:31,995,9009,M247,DE
169.150.197.152,2024-01-17 09:36:10,2024-01-17 09:46:52,1347,212238,CDNEXT,CH
89.149.38.34,2024-01-17 09:36:16,2024-01-17 11:35:55,11601,212238,CDNEXT,CH
89.149.38.104,2024-01-17 09:36:37,2024-01-17 11:33:13,11457,212238,CDNEXT,CH
212.102.38.214,2024-01-17 09:37:58,2024-01-17 10:22:30,3523,60068,CDN77 ^_^,CZ
212.102.39.78,2024-01-17 09:39:05,2024-01-17 09:39:19,64,212238,CDNEXT,CZ
212.102.37.51,2024-01-17 09:39:05,2024-01-17 11:32:11,11781,212238,CDNEXT,CH
212.102.39.84,2024-01-17 09:40:10,2024-01-17 10:44:30,6392,212238,CDNEXT,CZ
146.70.81.130,2024-01-17 09:40:36,2024-01-17 11:05:26,3426,9009,M247,AT
156.146.62.198,2024-01-17 09:40:37,2024-01-17 10:44:31,6561,212238,CDNEXT,CH
156.146.62.135,2024-01-17 09:44:53,2024-01-17 10:38:21,5524,212238,CDNEXT,CH
156.146.62.210,2024-01-17 09:47:02,2024-01-17 09:47:03,8,212238,CDNEXT,CH
149.36.50.16,2024-01-17 09:54:16,2024-01-17 11:31:55,35,212238,CDNEXT,DE
149.36.50.8,2024-01-17 09:54:16,2024-01-17 11:30:22,46,212238,CDNEXT,DE
149.36.50.11,2024-01-17 09:54:16,2024-01-17 11:32:42,41,212238,CDNEXT,DE
149.36.50.25,2024-01-17 09:54:16,2024-01-17 11:26:29,34,212238,CDNEXT,DE
149.36.50.13,2024-01-17 09:54:16,2024-01-17 11:31:56,36,212238,CDNEXT,DE
149.36.50.21,2024-01-17 09:54:16,2024-01-17 11:30:22,41,212238,CDNEXT,DE
149.36.50.7,2024-01-17 09:54:16,2024-01-17 11:15:36,33,212238,CDNEXT,DE
149.36.50.28,2024-01-17 09:54:16,2024-01-17 11:31:55,33,212238,CDNEXT,DE
149.36.50.24,2024-01-17 09:55:05,2024-01-17 11:32:42,36,212238,CDNEXT,DE
149.36.50.30,2024-01-17 09:55:05,2024-01-17 11:31:09,30,212238,CDNEXT,DE
149.36.50.17,2024-01-17 09:55:05,2024-01-17 11:28:48,33,212238,CDNEXT,DE
79.142.79.56,2024-01-17 09:55:21,2024-01-17 10:42:29,5032,51430,ALTUS,CH
149.36.50.19,2024-01-17 09:55:54,2024-01-17 11:28:02,46,212238,CDNEXT,DE
149.36.50.18,2024-01-17 09:55:54,2024-01-17 11:31:08,30,212238,CDNEXT,DE
149.36.50.2,2024-01-17 09:55:54,2024-01-17 11:32:42,33,212238,CDNEXT,DE
149.36.50.14,2024-01-17 09:55:54,2024-01-17 11:32:42,33,212238,CDNEXT,DE
149.36.50.26,2024-01-17 09:55:54,2024-01-17 11:31:09,33,212238,CDNEXT,DE
149.36.50.4,2024-01-17 09:55:54,2024-01-17 11:30:22,31,212238,CDNEXT,DE
149.36.50.15,2024-01-17 09:55:55,2024-01-17 11:31:55,40,212238,CDNEXT,DE
149.36.50.3,2024-01-17 09:56:43,2024-01-17 11:31:56,42,212238,CDNEXT,DE
149.36.50.5,2024-01-17 09:56:43,2024-01-17 11:17:56,26,212238,CDNEXT,DE
149.36.50.27,2024-01-17 09:56:43,2024-01-17 11:29:35,25,212238,CDNEXT,DE
149.36.50.12,2024-01-17 09:56:44,2024-01-17 11:32:42,36,212238,CDNEXT,DE
149.36.50.6,2024-01-17 09:57:32,2024-01-17 11:32:42,22,212238,CDNEXT,DE
149.36.50.29,2024-01-17 09:57:33,2024-01-17 11:32:42,47,212238,CDNEXT,DE
149.36.50.20,2024-01-17 09:59:10,2024-01-17 11:31:09,36,212238,CDNEXT,DE
149.36.50.22,2024-01-17 09:59:10,2024-01-17 11:29:35,39,212238,CDNEXT,DE
149.36.50.23,2024-01-17 09:59:11,2024-01-17 11:25:42,34,212238,CDNEXT,DE
149.36.50.10,2024-01-17 10:00:49,2024-01-17 11:31:09,27,212238,CDNEXT,DE
149.36.50.9,2024-01-17 10:07:21,2024-01-17 11:32:42,30,212238,CDNEXT,DE
143.244.39.8,2024-01-17 10:08:52,2024-01-17 11:36:47,10062,60068,CDN77 ^_^,GB
89.37.173.24,2024-01-17 10:15:22,2024-01-17 10:15:46,104,25369,BANDWIDTH-AS,CH
79.142.79.54,2024-01-17 10:42:22,2024-01-17 10:44:28,296,51430,ALTUS,CH
37.19.217.231,2024-01-17 10:54:00,2024-01-17 11:00:34,20,212238,CDNEXT,FR
