ip_address,as_number,as_name,country_code
109.201.130.24,AS43350,NFORCE,NL
138.199.47.221,AS212238,CDNEXT,GB
138.199.47.222,AS212238,CDNEXT,GB
138.199.47.223,AS212238,CDNEXT,GB
138.199.47.224,AS212238,CDNEXT,GB
138.199.47.225,AS212238,CDNEXT,GB
138.199.47.226,AS212238,CDNEXT,GB
138.199.47.227,AS212238,CDNEXT,GB
138.199.47.228,AS212238,CDNEXT,GB
138.199.47.229,AS212238,CDNEXT,GB
138.199.47.230,AS212238,CDNEXT,GB
138.199.47.231,AS212238,CDNEXT,GB
138.199.47.232,AS212238,CDNEXT,GB
138.199.47.233,AS212238,CDNEXT,GB
138.199.47.234,AS212238,CDNEXT,GB
138.199.47.235,AS212238,CDNEXT,GB
138.199.47.236,AS212238,CDNEXT,GB
138.199.47.237,AS212238,CDNEXT,GB
138.199.47.238,AS212238,CDNEXT,GB
138.199.47.239,AS212238,CDNEXT,GB
138.199.47.240,AS212238,CDNEXT,GB
138.199.47.241,AS212238,CDNEXT,GB
138.199.47.242,AS212238,CDNEXT,GB
138.199.47.243,AS212238,CDNEXT,GB
138.199.47.244,AS212238,CDNEXT,GB
138.199.47.245,AS212238,CDNEXT,GB
138.199.47.246,AS212238,CDNEXT,GB
138.199.59.212,AS212238,CDNEXT,GB
138.199.59.56,AS212238,CDNEXT,GB
143.244.41.149,AS212238,CDNEXT,GB
146.70.120.136,AS9009,M247,RO
146.70.120.137,AS9009,M247,RO
146.70.221.43,AS9009,M247,RO
146.70.244.25,AS9009,M247,RO
146.70.244.27,AS9009,M247,RO
146.70.244.9,AS9009,M247,RO
149.102.245.68,AS212238,CDNEXT,GB
149.102.245.69,AS212238,CDNEXT,GB
149.102.245.70,AS212238,CDNEXT,GB
149.102.245.71,AS212238,CDNEXT,GB
149.102.245.72,AS212238,CDNEXT,GB
149.102.245.73,AS212238,CDNEXT,GB
149.102.245.74,AS212238,CDNEXT,GB
149.102.245.75,AS212238,CDNEXT,GB
149.36.50.130,AS212238,CDNEXT,GB
149.36.50.131,AS212238,CDNEXT,GB
149.36.50.132,AS212238,CDNEXT,GB
149.36.50.133,AS212238,CDNEXT,GB
149.36.50.134,AS212238,CDNEXT,GB
149.36.50.135,AS212238,CDNEXT,GB
149.36.50.136,AS212238,CDNEXT,GB
149.36.50.137,AS212238,CDNEXT,GB
149.36.50.138,AS212238,CDNEXT,GB
149.36.50.139,AS212238,CDNEXT,GB
149.36.50.140,AS212238,CDNEXT,GB
149.36.50.141,AS212238,CDNEXT,GB
149.36.50.142,AS212238,CDNEXT,GB
149.36.50.143,AS212238,CDNEXT,GB
149.36.50.145,AS212238,CDNEXT,GB
149.36.50.146,AS212238,CDNEXT,GB
149.36.50.147,AS212238,CDNEXT,GB
149.36.50.148,AS212238,CDNEXT,GB
149.36.50.149,AS212238,CDNEXT,GB
149.36.50.150,AS212238,CDNEXT,GB
149.36.51.130,AS212238,CDNEXT,GB
149.36.51.131,AS212238,CDNEXT,GB
149.36.51.132,AS212238,CDNEXT,GB
149.36.51.133,AS212238,CDNEXT,GB
149.36.51.134,AS212238,CDNEXT,GB
149.36.51.135,AS212238,CDNEXT,GB
149.36.51.136,AS212238,CDNEXT,GB
149.36.51.137,AS212238,CDNEXT,GB
149.36.51.138,AS212238,CDNEXT,GB
149.36.51.139,AS212238,CDNEXT,GB
149.36.51.140,AS212238,CDNEXT,GB
149.36.51.141,AS212238,CDNEXT,GB
149.36.51.142,AS212238,CDNEXT,GB
149.36.51.143,AS212238,CDNEXT,GB
149.36.51.144,AS212238,CDNEXT,GB
149.36.51.145,AS212238,CDNEXT,GB
149.36.51.146,AS212238,CDNEXT,GB
149.36.51.147,AS212238,CDNEXT,GB
149.36.51.148,AS212238,CDNEXT,GB
149.36.51.149,AS212238,CDNEXT,GB
149.36.51.150,AS212238,CDNEXT,GB
149.36.51.151,AS212238,CDNEXT,GB
149.36.51.152,AS212238,CDNEXT,GB
149.36.51.153,AS212238,CDNEXT,GB
149.36.51.154,AS212238,CDNEXT,GB
149.36.51.155,AS212238,CDNEXT,GB
149.40.50.46,AS212238,CDNEXT,GB
149.40.61.196,AS212238,CDNEXT,GB
149.40.61.197,AS212238,CDNEXT,GB
149.40.61.198,AS212238,CDNEXT,GB
149.40.61.199,AS212238,CDNEXT,GB
149.40.61.200,AS212238,CDNEXT,GB
149.40.61.201,AS212238,CDNEXT,GB
149.40.61.202,AS212238,CDNEXT,GB
149.40.61.203,AS212238,CDNEXT,GB
149.40.61.204,AS212238,CDNEXT,GB
149.40.61.205,AS212238,CDNEXT,GB
149.40.61.206,AS212238,CDNEXT,GB
149.40.61.207,AS212238,CDNEXT,GB
149.40.61.208,AS212238,CDNEXT,GB
149.40.61.209,AS212238,CDNEXT,GB
149.40.61.210,AS212238,CDNEXT,GB
149.40.61.211,AS212238,CDNEXT,GB
149.40.61.212,AS212238,CDNEXT,GB
149.40.61.213,AS212238,CDNEXT,GB
149.40.61.214,AS212238,CDNEXT,GB
149.40.61.215,AS212238,CDNEXT,GB
149.40.61.216,AS212238,CDNEXT,GB
149.40.61.217,AS212238,CDNEXT,GB
149.40.61.218,AS212238,CDNEXT,GB
149.40.61.219,AS212238,CDNEXT,GB
149.50.218.170,AS212238,CDNEXT,GB
185.156.175.182,AS9009,M247,RO
185.183.105.134,AS9009,M247,RO
185.183.105.135,AS9009,M247,RO
185.183.105.136,AS9009,M247,RO
185.183.105.137,AS9009,M247,RO
185.183.105.138,AS9009,M247,RO
185.183.105.139,AS9009,M247,RO
185.183.105.140,AS9009,M247,RO
185.183.105.141,AS9009,M247,RO
185.183.105.142,AS9009,M247,RO
185.183.105.154,AS9009,M247,RO
185.212.170.18,AS9009,M247,RO
185.253.96.16,AS9009,M247,RO
185.253.96.32,AS9009,M247,RO
193.239.84.83,AS9009,M247,RO
212.102.35.100,AS212238,CDNEXT,GB
212.102.35.107,AS212238,CDNEXT,GB
212.102.35.142,AS212238,CDNEXT,GB
212.102.35.40,AS212238,CDNEXT,GB
212.102.35.58,AS212238,CDNEXT,GB
212.102.35.65,AS212238,CDNEXT,GB
212.102.35.73,AS212238,CDNEXT,GB
212.102.35.83,AS212238,CDNEXT,GB
212.102.35.85,AS212238,CDNEXT,GB
212.102.35.88,AS212238,CDNEXT,GB
212.102.35.93,AS212238,CDNEXT,GB
212.102.35.99,AS212238,CDNEXT,GB
212.102.57.9,AS212238,CDNEXT,GB
212.102.63.146,AS60068,CDN77_,GB
37.120.213.166,AS9009,M247,RO
37.120.213.167,AS9009,M247,RO
37.120.213.168,AS9009,M247,RO
37.120.213.169,AS9009,M247,RO
37.120.213.170,AS9009,M247,RO
37.120.213.171,AS9009,M247,RO
37.120.213.172,AS9009,M247,RO
37.120.213.173,AS9009,M247,RO
37.120.213.174,AS9009,M247,RO
37.19.221.44,AS212238,CDNEXT,GB
46.166.129.10,AS43350,NFORCE,NL
46.166.129.2,AS43350,NFORCE,NL
46.166.129.3,AS43350,NFORCE,NL
46.166.129.4,AS43350,NFORCE,NL
46.166.129.5,AS43350,NFORCE,NL
46.166.129.6,AS43350,NFORCE,NL
46.166.129.7,AS43350,NFORCE,NL
46.166.129.8,AS43350,NFORCE,NL
46.166.129.9,AS43350,NFORCE,NL
46.166.179.210,AS43350,NFORCE,NL
46.166.179.211,AS43350,NFORCE,NL
46.166.179.212,AS43350,NFORCE,NL
82.102.26.23,AS9009,M247,RO
82.102.26.24,AS9009,M247,RO
82.102.26.26,AS9009,M247,RO
82.102.26.29,AS9009,M247,RO
82.102.26.60,AS9009,M247,RO
82.102.26.62,AS9009,M247,RO
84.17.42.10,AS60068,CDN77_,GB
84.17.42.11,AS60068,CDN77_,GB
84.17.42.12,AS60068,CDN77_,GB
84.17.42.13,AS60068,CDN77_,GB
84.17.42.14,AS60068,CDN77_,GB
84.17.42.15,AS60068,CDN77_,GB
84.17.42.16,AS60068,CDN77_,GB
84.17.42.17,AS60068,CDN77_,GB
84.17.42.18,AS60068,CDN77_,GB
84.17.42.19,AS60068,CDN77_,GB
84.17.42.20,AS60068,CDN77_,GB
84.17.42.21,AS60068,CDN77_,GB
84.17.42.22,AS60068,CDN77_,GB
84.17.42.23,AS60068,CDN77_,GB
84.17.42.24,AS60068,CDN77_,GB
84.17.42.25,AS60068,CDN77_,GB
84.17.42.26,AS60068,CDN77_,GB
84.17.42.27,AS60068,CDN77_,GB
84.17.42.34,AS60068,CDN77_,GB
84.17.42.35,AS60068,CDN77_,GB
84.17.42.36,AS60068,CDN77_,GB
84.17.42.38,AS60068,CDN77_,GB
84.17.42.39,AS60068,CDN77_,GB
84.17.42.40,AS60068,CDN77_,GB
84.17.42.41,AS60068,CDN77_,GB
84.17.42.42,AS60068,CDN77_,GB
84.17.42.43,AS60068,CDN77_,GB
84.17.42.44,AS60068,CDN77_,GB
84.17.42.45,AS60068,CDN77_,GB
84.17.42.47,AS60068,CDN77_,GB
84.17.42.5,AS60068,CDN77_,GB
84.17.42.50,AS60068,CDN77_,GB
84.17.42.51,AS60068,CDN77_,GB
84.17.42.52,AS60068,CDN77_,GB
84.17.42.53,AS60068,CDN77_,GB
84.17.42.54,AS60068,CDN77_,GB
84.17.42.55,AS60068,CDN77_,GB
84.17.42.56,AS60068,CDN77_,GB
84.17.42.57,AS60068,CDN77_,GB
84.17.42.58,AS60068,CDN77_,GB
84.17.42.59,AS60068,CDN77_,GB
84.17.42.6,AS60068,CDN77_,GB
84.17.42.7,AS60068,CDN77_,GB
84.17.42.8,AS60068,CDN77_,GB
84.17.42.9,AS60068,CDN77_,GB
84.17.46.10,AS60068,CDN77_,GB
84.17.46.11,AS60068,CDN77_,GB
84.17.46.12,AS60068,CDN77_,GB
84.17.46.13,AS60068,CDN77_,GB
84.17.46.14,AS60068,CDN77_,GB
84.17.46.15,AS60068,CDN77_,GB
84.17.46.16,AS60068,CDN77_,GB
84.17.46.17,AS60068,CDN77_,GB
84.17.46.18,AS60068,CDN77_,GB
84.17.46.19,AS60068,CDN77_,GB
84.17.46.20,AS60068,CDN77_,GB
84.17.46.21,AS60068,CDN77_,GB
84.17.46.22,AS60068,CDN77_,GB
84.17.46.23,AS60068,CDN77_,GB
84.17.46.24,AS60068,CDN77_,GB
84.17.46.25,AS60068,CDN77_,GB
84.17.46.26,AS60068,CDN77_,GB
84.17.46.27,AS60068,CDN77_,GB
84.17.46.5,AS60068,CDN77_,GB
84.17.46.6,AS60068,CDN77_,GB
84.17.46.7,AS60068,CDN77_,GB
84.17.46.8,AS60068,CDN77_,GB
84.17.46.9,AS60068,CDN77_,GB
84.17.50.149,AS60068,CDN77_,GB
84.239.16.24,AS212238,CDNEXT,GB
84.239.17.3,AS212238,CDNEXT,GB
84.239.37.7,AS212238,CDNEXT,GB
84.239.41.136,AS212238,CDNEXT,GB
84.239.41.205,AS212238,CDNEXT,GB
84.239.41.5,AS212238,CDNEXT,GB
84.239.43.26,AS212238,CDNEXT,GB
84.239.45.134,AS212238,CDNEXT,GB
84.239.47.134,AS212238,CDNEXT,GB
84.239.47.146,AS212238,CDNEXT,GB
84.239.47.91,AS212238,CDNEXT,GB
84.239.6.146,AS212238,CDNEXT,GB
84.239.6.17,AS212238,CDNEXT,GB
84.239.6.5,AS212238,CDNEXT,GB
84.239.7.13,AS212238,CDNEXT,GB
84.239.7.159,AS212238,CDNEXT,GB
84.247.116.113,AS212238,CDNEXT,GB
84.247.116.171,AS212238,CDNEXT,GB
84.39.112.82,AS9009,M247,RO
84.39.112.83,AS9009,M247,RO
84.39.112.84,AS9009,M247,RO
84.39.112.85,AS9009,M247,RO
84.39.112.86,AS9009,M247,RO
84.39.112.87,AS9009,M247,RO
84.39.112.88,AS9009,M247,RO
84.39.112.89,AS9009,M247,RO
84.39.112.90,AS9009,M247,RO
84.39.112.91,AS9009,M247,RO
84.39.112.92,AS9009,M247,RO
84.39.112.93,AS9009,M247,RO
84.39.112.94,AS9009,M247,RO
87.249.132.100,AS212238,CDNEXT,GB
87.249.132.101,AS212238,CDNEXT,GB
87.249.132.102,AS212238,CDNEXT,GB
87.249.132.103,AS212238,CDNEXT,GB
87.249.132.104,AS212238,CDNEXT,GB
87.249.132.105,AS212238,CDNEXT,GB
87.249.132.106,AS212238,CDNEXT,GB
87.249.132.107,AS212238,CDNEXT,GB
87.249.132.108,AS212238,CDNEXT,GB
87.249.132.109,AS212238,CDNEXT,GB
87.249.132.110,AS212238,CDNEXT,GB
87.249.132.111,AS212238,CDNEXT,GB
87.249.132.112,AS212238,CDNEXT,GB
87.249.132.113,AS212238,CDNEXT,GB
87.249.132.114,AS212238,CDNEXT,GB
87.249.132.115,AS212238,CDNEXT,GB
87.249.132.116,AS212238,CDNEXT,GB
87.249.132.117,AS212238,CDNEXT,GB
87.249.132.118,AS212238,CDNEXT,GB
87.249.132.119,AS212238,CDNEXT,GB
87.249.132.120,AS212238,CDNEXT,GB
87.249.132.121,AS212238,CDNEXT,GB
87.249.132.122,AS212238,CDNEXT,GB
87.249.132.123,AS212238,CDNEXT,GB
87.249.132.197,AS212238,CDNEXT,GB
87.249.132.198,AS212238,CDNEXT,GB
87.249.132.199,AS212238,CDNEXT,GB
87.249.132.200,AS212238,CDNEXT,GB
87.249.132.201,AS212238,CDNEXT,GB
87.249.132.202,AS212238,CDNEXT,GB
87.249.132.203,AS212238,CDNEXT,GB
87.249.132.204,AS212238,CDNEXT,GB
87.249.132.205,AS212238,CDNEXT,GB
87.249.132.206,AS212238,CDNEXT,GB
87.249.132.207,AS212238,CDNEXT,GB
87.249.132.208,AS212238,CDNEXT,GB
87.249.132.209,AS212238,CDNEXT,GB
87.249.132.210,AS212238,CDNEXT,GB
87.249.132.211,AS212238,CDNEXT,GB
87.249.132.212,AS212238,CDNEXT,GB
87.249.132.213,AS212238,CDNEXT,GB
87.249.132.214,AS212238,CDNEXT,GB
87.249.132.215,AS212238,CDNEXT,GB
87.249.132.216,AS212238,CDNEXT,GB
87.249.132.217,AS212238,CDNEXT,GB
87.249.132.218,AS212238,CDNEXT,GB
87.249.132.219,AS212238,CDNEXT,GB
87.249.132.220,AS212238,CDNEXT,GB
87.249.132.221,AS212238,CDNEXT,GB
87.249.132.222,AS212238,CDNEXT,GB
87.249.132.98,AS212238,CDNEXT,GB
87.249.132.99,AS212238,CDNEXT,GB
